Day,RunN,ChannelIdx,DepthMM,Responsive,Category,PrefDir_deg,TuningStrength
20260224,1,1,0.12,0,not_responsive,NaN,0
20260224,1,2,0.16,1,untuned,NaN,0.522193807685697
20260224,1,3,0.2,1,untuned,NaN,0.637606236536866
20260224,1,4,0.24,1,untuned,NaN,0.600857756177198
20260224,1,5,0.32,0,not_responsive,NaN,0
20260224,1,6,0.36,1,untuned,NaN,0.405872463894428
20260224,1,7,0.4,0,not_responsive,NaN,0
20260224,1,8,0.44,1,untuned,NaN,0.772306119296407
20260224,1,9,0.48,1,untuned,NaN,0.585565582556932
20260224,1,10,0.52,1,untuned,NaN,0.851174683046695
20260224,1,11,0.56,1,untuned,NaN,0.871095914769873
20260224,1,12,0.6,1,untuned,NaN,0.70863694337889
20260224,1,13,0.64,1,directional,128.326339049239,0.96028117631026
20260224,1,14,0.68,0,not_responsive,NaN,0
20260224,1,15,0.72,0,not_responsive,NaN,0
20260224,1,16,0.76,1,untuned,NaN,0.761341480882811
20260224,1,17,0.8,1,untuned,NaN,0
20260224,1,18,0.84,0,not_responsive,NaN,0
20260224,1,19,0.88,1,untuned,NaN,1
20260224,1,20,0.92,0,not_responsive,NaN,0
20260224,1,21,0.96,1,untuned,NaN,0
20260224,1,22,1,1,untuned,NaN,0
20260224,1,23,1.04,0,not_responsive,NaN,0
20260224,1,24,1.08,0,not_responsive,NaN,0
20260224,1,25,1.12,0,not_responsive,NaN,0
20260224,1,26,1.16,0,not_responsive,NaN,0
20260224,1,27,1.2,1,untuned,NaN,0
20260224,1,28,1.24,0,not_responsive,NaN,0
20260224,1,29,1.28,1,untuned,NaN,0
20260224,1,30,1.32,0,not_responsive,NaN,0
20260224,1,31,1.36,1,untuned,NaN,1
20260224,1,32,1.4,1,directional,225,1
20260224,1,33,1.44,0,not_responsive,NaN,0
20260224,1,34,1.48,0,not_responsive,NaN,0
20260224,1,35,1.52,0,not_responsive,NaN,0
20260224,1,36,1.56,0,not_responsive,NaN,0
20260224,1,37,1.6,0,not_responsive,NaN,0
20260224,1,38,1.64,1,complex,NaN,1
20260224,1,39,1.68,0,not_responsive,NaN,0
20260224,1,40,1.72,0,not_responsive,NaN,0
20260224,1,41,1.76,0,not_responsive,NaN,0
20260224,1,42,1.8,0,not_responsive,NaN,0
20260224,1,43,1.84,1,untuned,NaN,0.34798214836978
20260224,1,44,1.88,0,not_responsive,NaN,0
20260224,1,45,1.92,0,not_responsive,NaN,0
20260224,1,46,1.96,1,untuned,NaN,0.951475935750905
20260224,1,47,2,1,complex,NaN,1
20260224,1,48,2.04,0,not_responsive,NaN,0
20260224,1,49,2.08,1,untuned,NaN,0.782213557031027
20260224,1,50,2.12,0,not_responsive,NaN,0
20260224,1,51,2.16,0,not_responsive,NaN,0
20260224,1,52,2.2,0,not_responsive,NaN,0
20260224,1,53,2.24,0,not_responsive,NaN,0
20260224,1,54,2.28,0,not_responsive,NaN,0
20260224,1,55,2.32,0,not_responsive,NaN,0
20260224,1,56,2.36,0,not_responsive,NaN,0
20260224,1,57,2.4,0,not_responsive,NaN,0
20260224,1,58,2.44,0,not_responsive,NaN,0
20260224,1,59,2.48,0,not_responsive,NaN,0
20260224,1,60,2.52,0,not_responsive,NaN,0
20260224,1,61,2.56,1,directional,156.216090580597,0.524685916028807
20260224,1,62,2.6,0,not_responsive,NaN,0
20260224,1,63,2.64,1,untuned,NaN,0.66888922247684
20260224,1,64,2.68,0,not_responsive,NaN,0
20260224,1,65,2.72,0,not_responsive,NaN,0
20260224,1,66,2.76,0,not_responsive,NaN,0
20260224,1,67,2.8,0,not_responsive,NaN,0
20260224,1,68,2.84,0,not_responsive,NaN,0
20260224,1,69,2.88,0,not_responsive,NaN,0
20260224,1,70,2.92,0,not_responsive,NaN,0
20260224,1,71,2.96,0,not_responsive,NaN,0
20260224,1,72,3,0,not_responsive,NaN,0
20260224,1,73,3.04,0,not_responsive,NaN,0
20260224,1,74,3.08,0,not_responsive,NaN,0
20260224,1,75,3.12,0,not_responsive,NaN,0
20260224,1,76,3.16,1,untuned,NaN,0.504441465002155
20260224,1,77,3.2,1,untuned,NaN,0.685658692830553
20260224,1,78,3.24,1,untuned,NaN,1
20260224,1,79,3.28,1,untuned,NaN,1
20260224,1,80,3.32,1,untuned,NaN,0.927601676807903
20260224,1,81,3.36,1,untuned,NaN,0
20260224,1,82,3.4,1,untuned,NaN,0
20260224,1,83,3.44,1,untuned,NaN,0
20260224,1,84,3.48,1,untuned,NaN,0
20260224,1,85,3.52,1,untuned,NaN,0
20260224,1,86,3.56,1,untuned,NaN,0
20260224,1,87,3.6,1,untuned,NaN,0
20260224,1,88,3.64,1,untuned,NaN,0
20260224,1,89,3.68,1,untuned,NaN,0
20260224,1,90,3.72,1,untuned,NaN,0
20260224,1,91,3.76,0,not_responsive,NaN,0
20260224,1,92,3.8,0,not_responsive,NaN,0
20260224,1,93,3.84,0,not_responsive,NaN,0
20260224,1,94,3.88,0,not_responsive,NaN,0
20260224,1,95,3.92,1,untuned,NaN,0.484242002361155
20260224,1,96,3.96,1,untuned,NaN,0.787366036489085
20260224,1,97,4,0,not_responsive,NaN,0
20260224,1,98,4.04,0,not_responsive,NaN,0
20260224,1,99,4.08,0,not_responsive,NaN,0
20260224,1,100,4.12,1,untuned,NaN,0.686626956766493
20260224,1,101,4.16,1,untuned,NaN,0.443945517103437
20260224,1,102,4.2,1,untuned,NaN,0.310483190541903
20260224,1,103,4.36,1,untuned,NaN,0.284302753203404
20260224,1,104,4.44,1,untuned,NaN,0.90786354580628
20260224,1,105,7.96,1,untuned,NaN,0.155072110564371
20260224,1,106,8.08,1,untuned,NaN,0.330295884912339
20260224,1,107,8.24,0,not_responsive,NaN,0
20260224,1,108,9.26,1,directional,198.385133953362,0.618937672152657
20260224,1,109,9.3,0,not_responsive,NaN,0
20260224,1,110,9.34,0,not_responsive,NaN,0
20260224,1,111,9.38,0,not_responsive,NaN,0
20260224,1,112,9.42,1,untuned,NaN,0.0610434003645491
20260224,1,113,9.46,0,not_responsive,NaN,0
20260224,1,114,9.5,0,not_responsive,NaN,0
20260224,1,115,9.54,0,not_responsive,NaN,0
20260224,1,116,9.58,1,untuned,NaN,0.290492859026561
20260224,1,117,9.62,0,not_responsive,NaN,0
20260224,1,118,9.66,0,not_responsive,NaN,0
20260224,1,119,9.7,0,not_responsive,NaN,0
20260224,1,120,9.74,0,not_responsive,NaN,0
20260224,1,121,9.78,0,not_responsive,NaN,0
20260224,1,122,9.82,0,not_responsive,NaN,0
20260224,1,123,9.86,0,not_responsive,NaN,0
20260224,1,124,9.9,0,not_responsive,NaN,0
20260224,1,125,9.94,0,not_responsive,NaN,0
20260224,1,126,9.98,0,not_responsive,NaN,0
20260224,1,127,10.02,0,not_responsive,NaN,0
20260224,1,128,10.06,0,not_responsive,NaN,0
20260224,1,129,10.1,0,not_responsive,NaN,0
20260224,1,130,10.14,0,not_responsive,NaN,0
20260224,1,131,10.18,0,not_responsive,NaN,0
20260224,1,132,10.22,0,not_responsive,NaN,0
20260224,1,133,10.26,0,not_responsive,NaN,0
20260224,1,134,10.3,0,not_responsive,NaN,0
20260224,1,135,10.34,0,not_responsive,NaN,0
20260224,1,136,10.38,0,not_responsive,NaN,0
20260224,1,137,10.42,0,not_responsive,NaN,0
20260224,1,138,10.46,0,not_responsive,NaN,0
20260224,1,139,10.5,0,not_responsive,NaN,0
20260224,1,140,10.54,0,not_responsive,NaN,0
20260224,1,141,10.58,0,not_responsive,NaN,0
20260224,1,142,10.62,0,not_responsive,NaN,0
20260224,1,143,10.66,0,not_responsive,NaN,0
20260224,1,144,10.7,0,not_responsive,NaN,0
20260224,1,145,10.74,0,not_responsive,NaN,0
20260224,1,146,10.78,0,not_responsive,NaN,0
20260224,1,147,10.82,0,not_responsive,NaN,0
20260224,1,148,10.86,0,not_responsive,NaN,0
20260224,1,149,10.9,0,not_responsive,NaN,0
20260224,1,150,10.94,0,not_responsive,NaN,0
20260224,1,151,10.98,0,not_responsive,NaN,0
20260224,1,152,11.02,0,not_responsive,NaN,0
20260224,1,153,11.06,0,not_responsive,NaN,0
20260224,1,154,11.1,0,not_responsive,NaN,0
20260224,1,155,11.14,0,not_responsive,NaN,0
20260224,1,156,11.18,0,not_responsive,NaN,0
20260224,1,157,11.22,0,not_responsive,NaN,0
20260224,1,158,11.26,0,not_responsive,NaN,0
20260224,1,159,11.96,0,not_responsive,NaN,0
20260224,1,160,12,0,not_responsive,NaN,0
20260224,1,161,15.14,0,not_responsive,NaN,0
20260224,1,162,15.18,0,not_responsive,NaN,0
20260224,1,163,15.22,0,not_responsive,NaN,0
20260224,1,164,15.26,0,not_responsive,NaN,0
20260224,1,165,15.3,0,not_responsive,NaN,0
20260224,1,166,15.34,0,not_responsive,NaN,0
20260224,1,167,15.38,0,not_responsive,NaN,0
20260224,1,168,15.42,0,not_responsive,NaN,0
20260224,1,169,15.46,0,not_responsive,NaN,0
20260224,1,170,15.5,0,not_responsive,NaN,0
20260224,1,171,15.54,0,not_responsive,NaN,0
20260224,1,172,15.58,0,not_responsive,NaN,0
20260224,1,173,15.62,0,not_responsive,NaN,0
20260224,1,174,15.66,0,not_responsive,NaN,0
20260224,1,175,15.7,0,not_responsive,NaN,0
20260224,1,176,15.74,0,not_responsive,NaN,0
20260224,1,177,15.78,0,not_responsive,NaN,0
20260224,1,178,15.82,0,not_responsive,NaN,0
20260224,1,179,15.86,0,not_responsive,NaN,0
20260224,1,180,15.9,1,untuned,NaN,0.341597368184764
20260224,1,181,15.94,0,not_responsive,NaN,0
20260224,1,182,15.98,0,not_responsive,NaN,0
20260224,1,183,16.02,0,not_responsive,NaN,0
20260224,1,184,16.06,0,not_responsive,NaN,0
20260224,1,185,16.1,0,not_responsive,NaN,0
20260224,1,186,16.14,0,not_responsive,NaN,0
20260224,1,187,16.18,0,not_responsive,NaN,0
20260224,1,188,16.22,0,not_responsive,NaN,0
20260224,1,189,16.26,0,not_responsive,NaN,0
20260224,1,190,16.3,0,not_responsive,NaN,0
20260224,1,191,16.34,0,not_responsive,NaN,0
20260224,1,192,16.38,0,not_responsive,NaN,0
20260224,1,193,16.42,0,not_responsive,NaN,0
20260224,1,194,16.46,0,not_responsive,NaN,0
20260224,1,195,16.5,0,not_responsive,NaN,0
20260224,1,196,16.54,0,not_responsive,NaN,0
20260224,1,197,16.58,0,not_responsive,NaN,0
20260224,1,198,16.62,0,not_responsive,NaN,0
20260224,1,199,16.66,0,not_responsive,NaN,0
20260224,1,200,16.7,0,not_responsive,NaN,0
20260224,1,201,16.74,0,not_responsive,NaN,0
20260224,1,202,16.78,0,not_responsive,NaN,0
20260224,1,203,16.82,0,not_responsive,NaN,0
20260224,1,204,16.86,0,not_responsive,NaN,0
20260224,1,205,16.9,0,not_responsive,NaN,0
20260224,1,206,17.02,0,not_responsive,NaN,0
20260224,1,207,17.06,0,not_responsive,NaN,0
20260224,1,208,17.1,0,not_responsive,NaN,0
20260224,1,209,17.14,0,not_responsive,NaN,0
20260224,1,210,17.18,0,not_responsive,NaN,0
20260224,1,211,17.22,0,not_responsive,NaN,0
20260224,1,212,17.26,0,not_responsive,NaN,0
20260224,1,213,17.3,0,not_responsive,NaN,0
20260224,1,214,17.34,0,not_responsive,NaN,0
20260224,1,215,17.38,0,not_responsive,NaN,0
20260224,1,216,17.42,0,not_responsive,NaN,0
20260224,1,217,17.46,0,not_responsive,NaN,0
20260224,1,218,17.5,1,untuned,NaN,0.422441566184995
20260224,1,219,17.54,0,not_responsive,NaN,0
20260224,1,220,17.58,0,not_responsive,NaN,0
20260224,1,221,17.62,0,not_responsive,NaN,0
20260224,1,222,17.66,0,not_responsive,NaN,0
20260224,1,223,17.7,0,not_responsive,NaN,0
20260224,1,224,17.74,0,not_responsive,NaN,0
20260224,1,225,17.78,0,not_responsive,NaN,0
20260224,1,226,17.82,0,not_responsive,NaN,0
20260224,1,227,17.86,0,not_responsive,NaN,0
20260224,1,228,17.9,0,not_responsive,NaN,0
20260224,1,229,17.94,0,not_responsive,NaN,0
20260224,1,230,17.98,0,not_responsive,NaN,0
20260224,1,231,18.02,0,not_responsive,NaN,0
20260224,1,232,18.06,0,not_responsive,NaN,0
20260224,1,233,18.1,1,untuned,NaN,0.272161103712866
20260224,1,234,18.14,0,not_responsive,NaN,0
20260224,1,235,18.18,0,not_responsive,NaN,0
20260224,1,236,18.22,0,not_responsive,NaN,0
20260224,1,237,18.26,0,not_responsive,NaN,0
20260224,1,238,18.3,0,not_responsive,NaN,0
20260224,1,239,18.34,0,not_responsive,NaN,0
20260224,1,240,18.38,0,not_responsive,NaN,0
20260224,1,241,18.42,0,not_responsive,NaN,0
20260224,1,242,18.46,0,not_responsive,NaN,0
20260224,1,243,18.5,0,not_responsive,NaN,0
20260224,1,244,18.54,0,not_responsive,NaN,0
20260224,1,245,18.58,1,untuned,NaN,0.169144914889406
20260224,1,246,18.62,1,untuned,NaN,0.264872565191266
20260224,1,247,18.66,1,untuned,NaN,0.357832863081672
20260224,1,248,18.7,0,not_responsive,NaN,0
20260224,1,249,18.74,0,not_responsive,NaN,0
20260224,1,250,18.78,0,not_responsive,NaN,0
20260224,1,251,18.82,0,not_responsive,NaN,0
20260224,1,252,18.86,1,untuned,NaN,0.502716233783048
20260224,1,253,18.9,0,not_responsive,NaN,0
20260224,1,254,18.94,0,not_responsive,NaN,0
20260224,1,255,18.98,1,untuned,NaN,1
20260224,1,256,19.02,0,not_responsive,NaN,0
20260224,1,257,19.06,0,not_responsive,NaN,0
20260224,1,258,19.1,0,not_responsive,NaN,0
20260224,1,259,19.14,0,not_responsive,NaN,0
20260224,1,260,19.18,0,not_responsive,NaN,0
20260224,1,261,19.22,0,not_responsive,NaN,0
20260224,1,262,19.26,0,not_responsive,NaN,0
20260224,1,263,19.3,0,not_responsive,NaN,0
20260224,1,264,19.34,0,not_responsive,NaN,0
20260224,1,265,19.38,0,not_responsive,NaN,0
20260224,1,266,19.42,0,not_responsive,NaN,0
20260224,1,267,19.46,0,not_responsive,NaN,0
20260224,1,268,19.5,0,not_responsive,NaN,0
20260224,1,269,19.54,0,not_responsive,NaN,0
20260224,1,270,19.58,0,not_responsive,NaN,0
20260224,1,271,19.62,0,not_responsive,NaN,0
20260224,1,272,19.66,0,not_responsive,NaN,0
20260224,1,273,19.7,0,not_responsive,NaN,0
20260224,1,274,19.74,0,not_responsive,NaN,0
20260224,1,275,19.78,1,untuned,NaN,0.449641378734321
20260224,1,276,19.82,0,not_responsive,NaN,0
20260224,1,277,19.86,0,not_responsive,NaN,0
20260224,1,278,19.9,0,not_responsive,NaN,0
20260224,1,279,19.94,0,not_responsive,NaN,0
20260224,1,280,19.98,0,not_responsive,NaN,0
20260224,1,281,20.02,0,not_responsive,NaN,0
20260224,1,282,20.06,0,not_responsive,NaN,0
20260224,1,283,20.1,0,not_responsive,NaN,0
20260224,1,284,20.14,0,not_responsive,NaN,0
20260224,1,285,20.18,0,not_responsive,NaN,0
20260224,1,286,20.22,0,not_responsive,NaN,0
20260224,1,287,20.26,0,not_responsive,NaN,0
20260224,1,288,20.3,0,not_responsive,NaN,0
20260224,1,289,20.34,0,not_responsive,NaN,0
20260224,1,290,20.38,0,not_responsive,NaN,0
20260224,1,291,20.42,0,not_responsive,NaN,0
20260224,1,292,20.46,0,not_responsive,NaN,0
20260224,1,293,20.5,0,not_responsive,NaN,0
20260224,1,294,20.54,0,not_responsive,NaN,0
20260224,1,295,20.58,0,not_responsive,NaN,0
20260224,1,296,20.62,0,not_responsive,NaN,0
20260224,1,297,20.66,0,not_responsive,NaN,0
20260224,1,298,20.7,0,not_responsive,NaN,0
20260224,1,299,20.74,0,not_responsive,NaN,0
20260224,1,300,20.78,0,not_responsive,NaN,0
20260224,1,301,20.82,0,not_responsive,NaN,0
20260224,1,302,23.68,0,not_responsive,NaN,0
20260224,1,303,23.72,0,not_responsive,NaN,0
20260224,1,304,23.76,0,not_responsive,NaN,0
20260224,1,305,23.8,0,not_responsive,NaN,0
20260224,1,306,23.84,0,not_responsive,NaN,0
20260224,1,307,23.88,0,not_responsive,NaN,0
20260224,1,308,23.92,0,not_responsive,NaN,0
20260224,1,309,23.96,0,not_responsive,NaN,0
20260224,1,310,24,0,not_responsive,NaN,0
20260224,1,311,24.04,0,not_responsive,NaN,0
20260224,1,312,24.08,0,not_responsive,NaN,0
20260224,1,313,24.12,0,not_responsive,NaN,0
20260224,1,314,24.16,0,not_responsive,NaN,0
20260224,1,315,24.2,0,not_responsive,NaN,0
20260224,1,316,24.24,0,not_responsive,NaN,0
20260224,1,317,24.28,0,not_responsive,NaN,0
20260224,1,318,24.32,0,not_responsive,NaN,0
20260224,1,319,24.36,0,not_responsive,NaN,0
20260224,1,320,24.4,0,not_responsive,NaN,0
20260224,1,321,24.44,0,not_responsive,NaN,0
20260224,1,322,24.48,0,not_responsive,NaN,0
20260224,1,323,24.52,0,not_responsive,NaN,0
20260224,1,324,24.56,0,not_responsive,NaN,0
20260224,1,325,24.6,0,not_responsive,NaN,0
20260224,1,326,24.64,0,not_responsive,NaN,0
20260224,1,327,24.68,0,not_responsive,NaN,0
20260224,1,328,24.72,0,not_responsive,NaN,0
20260224,1,329,24.76,0,not_responsive,NaN,0
20260224,1,330,24.8,0,not_responsive,NaN,0
20260224,1,331,24.84,0,not_responsive,NaN,0
20260224,1,332,24.88,0,not_responsive,NaN,0
20260224,1,333,24.92,0,not_responsive,NaN,0
20260224,1,334,24.96,0,not_responsive,NaN,0
20260224,1,335,25,0,not_responsive,NaN,0
20260224,1,336,25.04,0,not_responsive,NaN,0
20260224,1,337,25.08,0,not_responsive,NaN,0
20260224,1,338,25.12,0,not_responsive,NaN,0
20260224,1,339,25.16,0,not_responsive,NaN,0
20260224,1,340,25.2,0,not_responsive,NaN,0
20260224,1,341,25.24,0,not_responsive,NaN,0
20260224,1,342,25.28,0,not_responsive,NaN,0
20260224,1,343,25.32,0,not_responsive,NaN,0
20260224,1,344,25.36,0,not_responsive,NaN,0
20260224,1,345,25.4,0,not_responsive,NaN,0
20260224,1,346,25.44,0,not_responsive,NaN,0
20260224,1,347,25.48,0,not_responsive,NaN,0
20260224,1,348,25.52,0,not_responsive,NaN,0
20260224,1,349,25.56,0,not_responsive,NaN,0
20260224,1,350,25.6,0,not_responsive,NaN,0
20260224,1,351,25.64,1,untuned,NaN,0.481216683523949
20260224,1,352,25.68,0,not_responsive,NaN,0
20260224,1,353,25.72,0,not_responsive,NaN,0
20260224,1,354,25.76,0,not_responsive,NaN,0
20260224,1,355,25.8,0,not_responsive,NaN,0
20260224,1,356,25.84,0,not_responsive,NaN,0
20260224,1,357,25.88,0,not_responsive,NaN,0
20260224,1,358,25.92,0,not_responsive,NaN,0
20260224,1,359,25.96,0,not_responsive,NaN,0
20260224,1,360,26,0,not_responsive,NaN,0
20260224,1,361,26.04,0,not_responsive,NaN,0
20260224,1,362,26.08,0,not_responsive,NaN,0
20260224,1,363,26.12,0,not_responsive,NaN,0
20260224,1,364,26.16,0,not_responsive,NaN,0
20260224,1,365,26.2,0,not_responsive,NaN,0
20260224,1,366,26.24,0,not_responsive,NaN,0
20260224,1,367,26.28,0,not_responsive,NaN,0
20260224,1,368,26.32,0,not_responsive,NaN,0
20260224,1,369,26.36,0,not_responsive,NaN,0
20260224,1,370,26.4,0,not_responsive,NaN,0
20260224,1,371,26.44,0,not_responsive,NaN,0
20260224,1,372,26.48,0,not_responsive,NaN,0
20260224,1,373,26.52,0,not_responsive,NaN,0
20260224,1,374,26.56,0,not_responsive,NaN,0
20260224,1,375,26.6,0,not_responsive,NaN,0
20260224,1,376,26.64,0,not_responsive,NaN,0
20260224,1,377,26.68,0,not_responsive,NaN,0
20260224,1,378,26.72,0,not_responsive,NaN,0
20260224,1,379,26.76,0,not_responsive,NaN,0
20260224,1,380,26.8,0,not_responsive,NaN,0
20260224,1,381,26.84,0,not_responsive,NaN,0
20260224,1,382,26.88,1,untuned,NaN,0.661617451123801
20260224,1,383,26.92,0,not_responsive,NaN,0
20260224,1,384,26.96,0,not_responsive,NaN,0
20260226,3,1,0.02,1,untuned,NaN,0.0900925591417018
20260226,3,2,0.06,1,untuned,NaN,0.198156409548891
20260226,3,3,0.1,1,untuned,NaN,0.549124171422773
20260226,3,4,0.14,1,untuned,NaN,0.21899195747884
20260226,3,5,0.18,0,not_responsive,NaN,0
20260226,3,6,0.22,1,untuned,NaN,0.469665687786383
20260226,3,7,0.26,0,not_responsive,NaN,0
20260226,3,8,0.3,0,not_responsive,NaN,0
20260226,3,9,0.34,0,not_responsive,NaN,0
20260226,3,10,0.38,0,not_responsive,NaN,0
20260226,3,11,0.42,1,untuned,NaN,0.0701397223642141
20260226,3,12,0.46,1,untuned,NaN,0.33636763361051
20260226,3,13,0.5,1,untuned,NaN,0.231471691043274
20260226,3,14,0.54,0,not_responsive,NaN,0
20260226,3,15,0.58,0,not_responsive,NaN,0
20260226,3,16,0.62,1,untuned,NaN,0.130016971348459
20260226,3,17,0.66,1,untuned,NaN,0.250005576994329
20260226,3,18,0.7,0,not_responsive,NaN,0
20260226,3,19,0.74,1,untuned,NaN,0.0649423174093545
20260226,3,20,0.78,0,not_responsive,NaN,0
20260226,3,21,0.82,1,untuned,NaN,0.0645777361875253
20260226,3,22,0.86,0,not_responsive,NaN,0
20260226,3,23,0.9,0,not_responsive,NaN,0
20260226,3,24,0.94,0,not_responsive,NaN,0
20260226,3,25,0.98,1,untuned,NaN,0.139257451346404
20260226,3,26,1.02,1,untuned,NaN,0.246656467543989
20260226,3,27,1.06,0,not_responsive,NaN,0
20260226,3,28,1.1,1,complex,NaN,0.303133869580842
20260226,3,29,1.14,1,untuned,NaN,0.344710118193299
20260226,3,30,1.18,1,untuned,NaN,0.102085259691929
20260226,3,31,1.22,0,not_responsive,NaN,0
20260226,3,32,1.26,1,complex,NaN,0.448131084714465
20260226,3,33,1.3,0,not_responsive,NaN,0
20260226,3,34,1.34,0,not_responsive,NaN,0
20260226,3,35,1.38,1,untuned,NaN,0.924192689275623
20260226,3,36,1.42,1,untuned,NaN,1
20260226,3,37,1.46,1,untuned,NaN,0.527790688817157
20260226,3,38,1.5,1,untuned,NaN,1
20260226,3,39,1.54,1,untuned,NaN,0.0667665617003743
20260226,3,40,1.58,1,untuned,NaN,1
20260226,3,41,1.62,1,untuned,NaN,0.138532706716701
20260226,3,42,1.66,0,not_responsive,NaN,0
20260226,3,43,1.7,0,not_responsive,NaN,0
20260226,3,44,1.74,1,untuned,NaN,0
20260226,3,45,1.78,1,untuned,NaN,0.238744093766652
20260226,3,46,1.82,1,untuned,NaN,0
20260226,3,47,1.86,1,untuned,NaN,0.303895670717398
20260226,3,48,1.9,1,untuned,NaN,0.0367024951059118
20260226,3,49,1.94,1,untuned,NaN,0.609749533727115
20260226,3,50,1.98,1,untuned,NaN,0.96686417679071
20260226,3,51,2.02,1,untuned,NaN,0.373782652650429
20260226,3,52,2.06,1,untuned,NaN,0
20260226,3,53,2.1,1,untuned,NaN,0.610629848627933
20260226,3,54,2.14,0,not_responsive,NaN,0
20260226,3,55,2.18,1,untuned,NaN,0.513730212495395
20260226,3,56,2.22,1,directional,156.105385001454,0.831146787698893
20260226,3,57,2.26,1,untuned,NaN,0.0980416635055025
20260226,3,58,2.3,1,untuned,NaN,0.388973667978083
20260226,3,59,2.34,1,untuned,NaN,0.385168031955058
20260226,3,60,2.38,1,untuned,NaN,0.105174966574508
20260226,3,61,2.42,1,directional,157.44586652054,0.653026916636629
20260226,3,62,2.5,1,untuned,NaN,0.241045125443852
20260226,3,63,2.54,0,not_responsive,NaN,0
20260226,3,64,2.58,1,directional,216.978989068897,0.757990551032532
20260226,3,65,2.62,1,directional,222.879958834361,0.655227880412867
20260226,3,66,2.66,1,untuned,NaN,0.452213844629091
20260226,3,67,2.7,1,untuned,NaN,0.181319828159367
20260226,3,68,2.74,1,complex,NaN,0.833365610466632
20260226,3,69,2.82,1,directional,170.456040896582,0.778059301594064
20260226,3,70,2.86,1,untuned,NaN,0.461958997578112
20260226,3,71,2.9,1,untuned,NaN,0.359060790336624
20260226,3,72,2.94,1,untuned,NaN,0.711046673095866
20260226,3,73,2.98,1,directional,134.170300747763,0.668149897011531
20260226,3,74,3.06,1,directional,92.578967675711,0.534944080101967
20260226,3,75,3.1,1,complex,NaN,0
20260226,3,76,3.14,1,directional,167.825449072926,0.455207115491072
20260226,3,77,3.18,1,directional,223.957586952486,0.403688648267116
20260226,3,78,3.22,0,not_responsive,NaN,0
20260226,3,79,3.26,1,complex,NaN,0.277344447537272
20260226,3,80,3.3,1,directional,117.434524436887,0.718039625357118
20260226,3,81,3.34,1,directional,131.369405835075,0.341077675216489
20260226,3,82,3.38,1,directional,118.144687098056,0.556616076209929
20260226,3,83,3.42,1,directional,105.148424252373,0.554328818904317
20260226,3,84,3.46,1,directional,129.714594010686,0.375587168146766
20260226,3,85,3.5,0,not_responsive,NaN,0
20260226,3,86,3.54,1,untuned,NaN,0.26266006206133
20260226,3,87,3.58,1,directional,139.009360447793,0.673947272732482
20260226,3,88,3.62,1,untuned,NaN,0.227071486837538
20260226,3,89,3.66,1,complex,NaN,0.301929172585179
20260226,3,90,3.7,1,untuned,NaN,0.458040947477805
20260226,3,91,3.74,1,complex,NaN,0.745023708857905
20260226,3,92,3.78,1,complex,NaN,0.928301815866802
20260226,3,93,3.82,1,complex,NaN,0.943708226563974
20260226,3,94,3.86,1,untuned,NaN,0.192320045848178
20260226,3,95,3.9,1,untuned,NaN,0.466264885938907
20260226,3,96,3.94,1,complex,NaN,0.209529407996907
20260226,3,97,3.98,1,untuned,NaN,0.5592798994935
20260226,3,98,4.02,1,directional,194.575213172807,0.432621813126855
20260226,3,99,4.06,1,untuned,NaN,0.283415749398534
20260226,3,100,4.1,0,not_responsive,NaN,0
20260226,3,101,4.14,1,complex,NaN,0.1415865430949
20260226,3,102,4.18,0,not_responsive,NaN,0
20260226,3,103,4.22,1,complex,NaN,1
20260226,3,104,4.26,1,directional,171.194397192555,0.305807901664205
20260226,3,105,4.3,1,directional,136.550746920388,0.475171911276239
20260226,3,106,4.34,1,untuned,NaN,0.350472845949004
20260226,3,107,4.38,1,untuned,NaN,0.830996401336434
20260226,3,108,4.42,1,untuned,NaN,0.204692916312969
20260226,3,109,4.46,1,untuned,NaN,0.187390621778436
20260226,3,110,4.5,1,untuned,NaN,0.148682144674336
20260226,3,111,4.54,1,directional,174.368385165508,0.259108557980211
20260226,3,112,4.58,1,untuned,NaN,0.0731614898662188
20260226,3,113,4.62,1,directional,241.869132002483,0.703625816123748
20260226,3,114,4.66,1,untuned,NaN,0
20260226,3,115,4.7,1,directional,220.016460127037,0.341262280159665
20260226,3,116,4.74,1,directional,318.051089064563,0.764823704581027
20260226,3,117,4.78,1,untuned,NaN,0.199390455039465
20260226,3,118,4.82,1,directional,190.316584605222,0.468807218905384
20260226,3,119,4.86,1,directional,240.185713720745,0.386560297286171
20260226,3,120,4.9,0,not_responsive,NaN,0
20260226,3,121,4.94,1,complex,NaN,0.0388493183587992
20260226,3,122,4.98,1,untuned,NaN,0.475264968278357
20260226,3,123,5.02,0,not_responsive,NaN,0
20260226,3,124,5.06,1,untuned,NaN,0.924589420045177
20260226,3,125,5.1,1,directional,202.736533236147,0.33042023666972
20260226,3,126,5.14,1,directional,266.457972446581,0.816820132390838
20260226,3,127,5.18,0,not_responsive,NaN,0
20260226,3,128,5.22,1,untuned,NaN,0.0135462467969673
20260226,3,129,5.26,1,untuned,NaN,0.118515141261762
20260226,3,130,5.3,1,directional,316.928094140334,0.278693856994468
20260226,3,131,5.34,1,directional,277.233554611679,0.836369625659775
20260226,3,132,5.38,0,not_responsive,NaN,0
20260226,3,133,5.42,1,untuned,NaN,0.0659969380951416
20260226,3,134,5.46,1,untuned,NaN,0.247697405623357
20260226,3,135,5.5,1,complex,NaN,0.50320578894976
20260226,3,136,5.54,0,not_responsive,NaN,0
20260226,3,137,5.58,1,directional,227.081668457904,0.41377173072936
20260226,3,138,5.62,1,complex,NaN,0.477069272176486
20260226,3,139,5.66,1,directional,219.351689312576,0.333463147477116
20260226,3,140,5.7,1,directional,157.316242432594,0.513202066131636
20260226,3,141,5.74,1,complex,NaN,0.775733937843862
20260226,3,142,5.78,1,complex,NaN,0.262502966056799
20260226,3,143,5.82,1,complex,NaN,0.893163388441867
20260226,3,144,5.86,1,untuned,NaN,0.230649433706071
20260226,3,145,5.9,1,untuned,NaN,0.374675269036025
20260226,3,146,5.94,1,complex,NaN,0.324772874560651
20260226,3,147,5.98,1,untuned,NaN,0.417226212933099
20260226,3,148,6.02,1,complex,NaN,0.736951391996032
20260226,3,149,6.06,1,untuned,NaN,0.527854026415651
20260226,3,150,6.1,1,complex,NaN,0.187869104414261
20260226,3,151,6.14,1,untuned,NaN,0.424027190840937
20260226,3,152,6.18,1,untuned,NaN,0.593645134460814
20260226,3,153,6.22,1,untuned,NaN,0.684268337974785
20260226,3,154,6.26,1,untuned,NaN,0.240475709904298
20260226,3,155,6.3,1,untuned,NaN,0.775303602189066
20260226,3,156,6.34,1,directional,147.995929463995,0.820519734551481
20260226,3,157,6.38,1,untuned,NaN,0.895631884796782
20260226,3,158,6.42,1,untuned,NaN,0.900746445773754
20260226,3,159,6.46,1,untuned,NaN,0.598156701197213
20260226,3,160,6.5,1,complex,NaN,0.915270784330183
20260226,3,161,6.54,1,untuned,NaN,0.408827950012928
20260226,3,162,6.58,1,untuned,NaN,0.587468376037728
20260226,3,163,6.62,1,untuned,NaN,0.748712818904629
20260226,3,164,6.66,1,complex,NaN,0.620272639584141
20260226,3,165,6.7,1,untuned,NaN,0.530075081511911
20260226,3,166,6.74,1,directional,160.464023809647,0.785846450649548
20260226,3,167,6.78,1,directional,116.649711217787,0.432769944438969
20260226,3,168,6.82,1,untuned,NaN,0.89367523515125
20260226,3,169,6.86,1,directional,103.31148339931,0.452981618682741
20260226,3,170,7.08,1,complex,NaN,0.708684680810774
20260226,3,171,7.14,1,complex,NaN,0.775330576156908
20260226,3,172,11.72,1,untuned,NaN,0.332611312533947
20260226,3,173,11.8,1,untuned,NaN,0.304487928740297
20260226,3,174,11.88,1,untuned,NaN,0.043081998259496
20260226,3,175,11.92,1,untuned,NaN,0.340969438505236
20260226,3,176,11.96,0,not_responsive,NaN,0
20260226,3,177,12,0,not_responsive,NaN,0
20260226,3,178,12.04,1,untuned,NaN,0.040272358300433
20260226,3,179,12.08,1,untuned,NaN,0.141922373315042
20260226,3,180,12.12,0,not_responsive,NaN,0
20260226,3,181,12.16,1,directional,27.2492606127018,0.37415800491363
20260226,3,182,12.2,1,untuned,NaN,0.195286519482658
20260226,3,183,12.24,1,untuned,NaN,0.441789671215526
20260226,3,184,12.28,0,not_responsive,NaN,0
20260226,3,185,12.32,1,untuned,NaN,0.0830575949835559
20260226,3,186,12.36,0,not_responsive,NaN,0
20260226,3,187,12.4,0,not_responsive,NaN,0
20260226,3,188,12.44,0,not_responsive,NaN,0
20260226,3,189,12.48,1,untuned,NaN,0.20744555526008
20260226,3,190,12.52,1,untuned,NaN,0.259925501805909
20260226,3,191,12.56,0,not_responsive,NaN,0
20260226,3,192,12.6,1,untuned,NaN,0.0665729465449365
20260226,3,193,12.64,1,directional,280.483613906708,0.474572351572765
20260226,3,194,12.68,0,not_responsive,NaN,0
20260226,3,195,12.72,1,untuned,NaN,0.268539443971604
20260226,3,196,12.76,1,directional,182.436027546669,0.443695311502792
20260226,3,197,12.8,0,not_responsive,NaN,0
20260226,3,198,12.84,0,not_responsive,NaN,0
20260226,3,199,12.88,1,untuned,NaN,0.325890216382635
20260226,3,200,12.92,0,not_responsive,NaN,0
20260226,3,201,12.96,1,untuned,NaN,0.338948658714888
20260226,3,202,13,1,untuned,NaN,0.149007475017519
20260226,3,203,13.04,0,not_responsive,NaN,0
20260226,3,204,13.08,1,untuned,NaN,0.135654015260977
20260226,3,205,13.12,0,not_responsive,NaN,0
20260226,3,206,13.2,1,untuned,NaN,0.127343109953203
20260226,3,207,13.24,1,untuned,NaN,0.0791989051808896
20260226,3,208,13.28,0,not_responsive,NaN,0
20260226,3,209,13.32,1,untuned,NaN,0.237383921047164
20260226,3,210,13.36,1,untuned,NaN,0.132484381047456
20260226,3,211,13.4,0,not_responsive,NaN,0
20260226,3,212,13.44,1,untuned,NaN,0.239429070844494
20260226,3,213,13.48,0,not_responsive,NaN,0
20260226,3,214,13.52,1,untuned,NaN,0.148440131853107
20260226,3,215,13.56,0,not_responsive,NaN,0
20260226,3,216,13.6,1,directional,79.3619865289903,0.428371528567249
20260226,3,217,13.64,0,not_responsive,NaN,0
20260226,3,218,13.68,0,not_responsive,NaN,0
20260226,3,219,13.72,1,untuned,NaN,0.450891977064833
20260226,3,220,13.76,1,untuned,NaN,0.244503877555209
20260226,3,221,13.8,0,not_responsive,NaN,0
20260226,3,222,13.84,0,not_responsive,NaN,0
20260226,3,223,13.88,0,not_responsive,NaN,0
20260226,3,224,13.92,0,not_responsive,NaN,0
20260226,3,225,13.96,0,not_responsive,NaN,0
20260226,3,226,14,0,not_responsive,NaN,0
20260226,3,227,14.04,1,directional,107.521376819005,0.710824650669993
20260226,3,228,14.08,1,untuned,NaN,0.445930834779841
20260226,3,229,14.12,1,untuned,NaN,0.717045339821701
20260226,3,230,14.16,0,not_responsive,NaN,0
20260226,3,231,14.2,0,not_responsive,NaN,0
20260226,3,232,14.24,0,not_responsive,NaN,0
20260226,3,233,14.28,0,not_responsive,NaN,0
20260226,3,234,14.32,1,untuned,NaN,0.390041022957371
20260226,3,235,14.36,0,not_responsive,NaN,0
20260226,3,236,14.4,1,untuned,NaN,0.1255122757366
20260226,3,237,14.44,0,not_responsive,NaN,0
20260226,3,238,14.48,0,not_responsive,NaN,0
20260226,3,239,14.52,0,not_responsive,NaN,0
20260226,3,240,14.56,0,not_responsive,NaN,0
20260226,3,241,14.6,1,complex,NaN,0.899796660757997
20260226,3,242,14.64,0,not_responsive,NaN,0
20260226,3,243,14.68,1,complex,NaN,0.908003651001006
20260226,3,244,14.72,1,complex,NaN,0.836283225572908
20260226,3,245,14.76,1,complex,NaN,0.793268824192612
20260226,3,246,14.8,1,complex,NaN,0.907933926971176
20260226,3,247,14.84,1,complex,NaN,0.86105254748537
20260226,3,248,14.88,1,complex,NaN,0.925945143876249
20260226,3,249,14.92,1,directional,109.013128842617,0.911679891360179
20260226,3,250,14.96,1,complex,NaN,0.895429379705989
20260226,3,251,15,1,complex,NaN,0.866961155349629
20260226,3,252,15.04,1,complex,NaN,0.746032774134528
20260226,3,253,15.08,1,complex,NaN,0.72591066758186
20260226,3,254,15.12,1,complex,NaN,0.51130434660092
20260226,3,255,15.16,0,not_responsive,NaN,0
20260226,3,256,15.2,1,untuned,NaN,0.111370540704699
20260226,3,257,15.24,0,not_responsive,NaN,0
20260226,3,258,15.28,1,untuned,NaN,0.480216166910136
20260226,3,259,15.32,0,not_responsive,NaN,0
20260226,3,260,15.36,1,untuned,NaN,0.14931321512952
20260226,3,261,15.4,0,not_responsive,NaN,0
20260226,3,262,15.44,0,not_responsive,NaN,0
20260226,3,263,15.48,0,not_responsive,NaN,0
20260226,3,264,15.52,0,not_responsive,NaN,0
20260226,3,265,15.56,1,untuned,NaN,0.454061702716956
20260226,3,266,15.6,1,untuned,NaN,0.222807186915518
20260226,3,267,15.64,1,untuned,NaN,0.0450170518121399
20260226,3,268,15.68,1,untuned,NaN,0.405772120881788
20260226,3,269,15.72,1,untuned,NaN,0.0914794382591833
20260226,3,270,15.76,0,not_responsive,NaN,0
20260226,3,271,15.8,1,untuned,NaN,0.0986977643814585
20260226,3,272,15.84,1,untuned,NaN,0.310037808450268
20260226,3,273,15.88,1,untuned,NaN,0.169387142027333
20260226,3,274,15.92,1,untuned,NaN,0.0954340516180056
20260226,3,275,15.96,1,untuned,NaN,0.652819352835191
20260226,3,276,16,1,untuned,NaN,0.271644337281674
20260226,3,277,16.04,0,not_responsive,NaN,0
20260226,3,278,16.08,0,not_responsive,NaN,0
20260226,3,279,16.12,1,untuned,NaN,0.129290149326262
20260226,3,280,16.16,1,untuned,NaN,0.0490375508470768
20260226,3,281,16.2,1,untuned,NaN,0.25374322552305
20260226,3,282,16.24,1,untuned,NaN,0.295679165054689
20260226,3,283,16.28,1,untuned,NaN,0.409039584750647
20260226,3,284,16.32,1,untuned,NaN,0.172677288700729
20260226,3,285,16.36,1,untuned,NaN,0.279766934408769
20260226,3,286,16.4,0,not_responsive,NaN,0
20260226,3,287,16.44,1,untuned,NaN,0.157347527590639
20260226,3,288,16.48,1,untuned,NaN,0.111657053862499
20260226,3,289,16.52,0,not_responsive,NaN,0
20260226,3,290,16.56,0,not_responsive,NaN,0
20260226,3,291,16.6,0,not_responsive,NaN,0
20260226,3,292,16.64,0,not_responsive,NaN,0
20260226,3,293,16.68,0,not_responsive,NaN,0
20260226,3,294,16.72,0,not_responsive,NaN,0
20260226,3,295,16.76,1,untuned,NaN,0.139141803613136
20260226,3,296,16.8,0,not_responsive,NaN,0
20260226,3,297,16.84,1,untuned,NaN,0.255568478618561
20260226,3,298,16.88,1,untuned,NaN,0.280897914224086
20260226,3,299,16.92,0,not_responsive,NaN,0
20260226,3,300,16.96,0,not_responsive,NaN,0
20260226,3,301,17,0,not_responsive,NaN,0
20260226,3,302,17.08,0,not_responsive,NaN,0
20260226,3,303,17.16,0,not_responsive,NaN,0
20260226,3,304,17.24,0,not_responsive,NaN,0
20260226,3,305,20.84,1,untuned,NaN,0.136905204902147
20260226,3,306,20.96,1,untuned,NaN,0.0809538898010451
20260226,3,307,21.04,1,directional,164.448982559034,0.437884393409222
20260226,3,308,21.16,0,not_responsive,NaN,0
20260226,3,309,21.2,1,untuned,NaN,0.309730913737093
20260226,3,310,21.36,1,untuned,NaN,0.441398520092339
20260226,3,311,21.4,1,untuned,NaN,0.343675268323735
20260226,3,312,21.44,1,untuned,NaN,0.448170625660231
20260226,3,313,21.48,1,untuned,NaN,0.326139347167007
20260226,3,314,21.56,0,not_responsive,NaN,0
20260226,3,315,21.66,1,complex,NaN,0.400955596178963
20260226,3,316,21.84,1,untuned,NaN,0.0749572721386478
20260226,3,317,21.88,1,untuned,NaN,0.350654133704028
20260226,3,318,21.96,1,untuned,NaN,0.0450902872262448
20260226,3,319,21.98,1,untuned,NaN,0.204881484930836
20260226,3,320,22.04,1,untuned,NaN,0.181057243582116
20260226,3,321,22.08,0,not_responsive,NaN,0
20260226,3,322,22.12,1,untuned,NaN,0.153411220773594
20260226,3,323,22.16,1,untuned,NaN,0.408325904070728
20260226,3,324,22.24,1,complex,NaN,0.559704857489445
20260226,3,325,22.26,1,complex,NaN,0.477529051509916
20260226,3,326,22.28,1,complex,NaN,0.44138342350599
20260226,3,327,22.3,1,untuned,NaN,0.5680781525199
20260226,3,328,22.34,1,complex,NaN,0.558326148549282
20260226,3,329,22.4,1,directional,102.285471827243,0.710427825775022
20260226,3,330,22.46,1,complex,NaN,0.604286159643024
20260226,3,331,22.52,1,directional,107.182837747097,0.793884409377491
20260226,3,332,22.54,1,complex,NaN,0.677166962165951
20260226,3,333,22.58,0,not_responsive,NaN,0
20260226,3,334,22.62,0,not_responsive,NaN,0
20260226,3,335,22.66,0,not_responsive,NaN,0
20260226,3,336,22.72,1,complex,NaN,0.514133923692315
20260226,3,337,22.76,1,complex,NaN,0.602643049639962
20260226,3,338,22.8,0,not_responsive,NaN,0
20260226,3,339,22.82,0,not_responsive,NaN,0
20260226,3,340,22.84,1,complex,NaN,0.56961509566476
20260226,3,341,22.88,0,not_responsive,NaN,0
20260226,3,342,22.9,0,not_responsive,NaN,0
20260226,3,343,22.92,0,not_responsive,NaN,0
20260226,3,344,22.96,0,not_responsive,NaN,0
20260226,3,345,23.04,1,untuned,NaN,0.260147554515977
20260226,3,346,23.08,1,untuned,NaN,0.233358772298858
20260226,3,347,23.12,1,untuned,NaN,0.238600032637764
20260226,3,348,23.16,1,directional,188.810926828829,0.489076960187516
20260226,3,349,23.2,1,untuned,NaN,0.192155072348752
20260226,3,350,23.28,1,untuned,NaN,0.293083884153084
20260226,3,351,23.36,1,untuned,NaN,0.20543690385513
20260226,3,352,24.72,1,untuned,NaN,0.599605418232476
20260226,3,353,24.96,0,not_responsive,NaN,0
20260226,3,354,25.08,1,untuned,NaN,0.460296019586489
20260226,3,355,25.12,1,untuned,NaN,0.311018072874517
20260226,3,356,25.16,1,untuned,NaN,0.314182595296835
20260226,3,357,25.36,1,complex,NaN,0.301103781635693
20260226,3,358,25.44,1,complex,NaN,0.390607972119536
20260226,3,359,25.48,0,not_responsive,NaN,0
20260226,3,360,25.52,1,complex,NaN,0.409612583789992
20260226,3,361,25.56,0,not_responsive,NaN,0
20260226,3,362,25.6,1,untuned,NaN,0.367773169083013
20260226,3,363,25.64,1,untuned,NaN,0.462327169668042
20260226,3,364,25.76,1,untuned,NaN,0.281970902116458
20260226,3,365,25.84,1,untuned,NaN,0.32658137556149
20260226,3,366,26.04,1,untuned,NaN,0.387912036537889
20260226,3,367,26.06,1,untuned,NaN,0.480739397410085
20260226,3,368,26.16,1,directional,106.285162928167,0.602058828276589
20260226,3,369,26.2,1,complex,NaN,0.63037687439982
20260226,3,370,26.22,1,complex,NaN,0.518476431048564
20260226,3,371,26.26,1,directional,96.4303360128318,0.751682153257948
20260226,3,372,26.32,1,complex,NaN,0.720814012817335
20260226,3,373,26.4,0,not_responsive,NaN,0
20260226,3,374,26.44,0,not_responsive,NaN,0
20260226,3,375,26.48,1,complex,NaN,0.539262401004788
20260226,3,376,26.52,0,not_responsive,NaN,0
20260226,3,377,26.54,0,not_responsive,NaN,0
20260226,3,378,26.58,0,not_responsive,NaN,0
20260226,3,379,26.62,1,untuned,NaN,0.529395923679329
20260226,3,380,26.7,0,not_responsive,NaN,0
20260226,3,381,26.78,0,not_responsive,NaN,0
20260226,3,382,26.82,0,not_responsive,NaN,0
20260226,3,383,26.84,0,not_responsive,NaN,0
20260226,3,384,26.86,1,complex,NaN,0.737171316946397
20260303,3,1,0.12,1,untuned,NaN,0.382448564078325
20260303,3,2,0.16,1,directional,189.115331497302,0.490720252874226
20260303,3,3,0.2,1,complex,NaN,0.368846630396428
20260303,3,4,0.24,1,complex,NaN,0.0884221554191725
20260303,3,5,0.32,1,untuned,NaN,0.226185903048076
20260303,3,6,0.36,1,complex,NaN,0.391249633302914
20260303,3,7,0.4,1,untuned,NaN,0.21164380757769
20260303,3,8,0.44,1,untuned,NaN,0.0218662424582043
20260303,3,9,0.48,1,untuned,NaN,0.113888300186596
20260303,3,10,0.52,1,untuned,NaN,0.247940345866949
20260303,3,11,0.56,0,not_responsive,NaN,0
20260303,3,12,0.6,0,not_responsive,NaN,0
20260303,3,13,0.64,0,not_responsive,NaN,0
20260303,3,14,0.68,0,not_responsive,NaN,0
20260303,3,15,0.72,0,not_responsive,NaN,0
20260303,3,16,0.76,0,not_responsive,NaN,0
20260303,3,17,0.8,0,not_responsive,NaN,0
20260303,3,18,0.84,0,not_responsive,NaN,0
20260303,3,19,0.88,0,not_responsive,NaN,0
20260303,3,20,0.92,0,not_responsive,NaN,0
20260303,3,21,0.96,0,not_responsive,NaN,0
20260303,3,22,1,0,not_responsive,NaN,0
20260303,3,23,1.04,0,not_responsive,NaN,0
20260303,3,24,1.08,0,not_responsive,NaN,0
20260303,3,25,1.12,0,not_responsive,NaN,0
20260303,3,26,1.16,0,not_responsive,NaN,0
20260303,3,27,1.2,1,untuned,NaN,0.51436844441546
20260303,3,28,1.24,0,not_responsive,NaN,0
20260303,3,29,1.28,0,not_responsive,NaN,0
20260303,3,30,1.32,0,not_responsive,NaN,0
20260303,3,31,1.36,1,untuned,NaN,0.421790919050166
20260303,3,32,1.4,1,untuned,NaN,0.0536176745968657
20260303,3,33,1.44,1,untuned,NaN,0.341063062643432
20260303,3,34,1.48,1,untuned,NaN,0.512887998643704
20260303,3,35,1.52,1,untuned,NaN,0.268079106091609
20260303,3,36,1.56,1,untuned,NaN,0.45012520086411
20260303,3,37,1.6,1,untuned,NaN,0.0461279256358568
20260303,3,38,1.64,1,untuned,NaN,0.201036703152257
20260303,3,39,1.68,1,untuned,NaN,0.345856829102187
20260303,3,40,1.72,1,untuned,NaN,0.259857405616825
20260303,3,41,1.76,1,complex,NaN,0.253428614374435
20260303,3,42,1.8,0,not_responsive,NaN,0
20260303,3,43,1.84,0,not_responsive,NaN,0
20260303,3,44,1.88,1,untuned,NaN,0.359570886527568
20260303,3,45,1.92,0,not_responsive,NaN,0
20260303,3,46,1.96,1,complex,NaN,0.412995311405694
20260303,3,47,2,1,untuned,NaN,0.189846477143218
20260303,3,48,2.04,0,not_responsive,NaN,0
20260303,3,49,2.08,0,not_responsive,NaN,0
20260303,3,50,2.12,1,untuned,NaN,0.528480843118014
20260303,3,51,2.16,1,untuned,NaN,0.147128096276238
20260303,3,52,2.2,0,not_responsive,NaN,0
20260303,3,53,2.24,1,untuned,NaN,0.105037441965548
20260303,3,54,2.28,0,not_responsive,NaN,0
20260303,3,55,2.32,0,not_responsive,NaN,0
20260303,3,56,2.36,1,untuned,NaN,0.279955450057914
20260303,3,57,2.4,0,not_responsive,NaN,0
20260303,3,58,2.44,1,directional,168.261179779902,0.940417734099809
20260303,3,59,2.48,0,not_responsive,NaN,0
20260303,3,60,2.52,0,not_responsive,NaN,0
20260303,3,61,2.56,1,untuned,NaN,0.0600302129991033
20260303,3,62,2.6,0,not_responsive,NaN,0
20260303,3,63,2.64,1,untuned,NaN,0.165593772447989
20260303,3,64,2.68,0,not_responsive,NaN,0
20260303,3,65,2.72,1,untuned,NaN,0.420836224196171
20260303,3,66,2.76,0,not_responsive,NaN,0
20260303,3,67,2.8,0,not_responsive,NaN,0
20260303,3,68,2.84,1,untuned,NaN,0.183370060065797
20260303,3,69,2.88,0,not_responsive,NaN,0
20260303,3,70,2.92,1,untuned,NaN,0.223081211817644
20260303,3,71,2.96,1,untuned,NaN,0.182263865200342
20260303,3,72,3,0,not_responsive,NaN,0
20260303,3,73,3.04,1,untuned,NaN,0.235855301504565
20260303,3,74,3.08,0,not_responsive,NaN,0
20260303,3,75,3.12,1,directional,94.8904215477984,0.719323740509293
20260303,3,76,3.16,1,untuned,NaN,0.411748832780735
20260303,3,77,3.2,1,untuned,NaN,0.304788699825791
20260303,3,78,3.24,0,not_responsive,NaN,0
20260303,3,79,3.28,1,untuned,NaN,0.321536783016188
20260303,3,80,3.32,0,not_responsive,NaN,0
20260303,3,81,3.36,0,not_responsive,NaN,0
20260303,3,82,3.4,0,not_responsive,NaN,0
20260303,3,83,3.44,0,not_responsive,NaN,0
20260303,3,84,3.48,0,not_responsive,NaN,0
20260303,3,85,3.52,0,not_responsive,NaN,0
20260303,3,86,3.56,1,untuned,NaN,0.148632455033923
20260303,3,87,3.6,1,untuned,NaN,0.35352544929813
20260303,3,88,3.64,1,untuned,NaN,0.365500724575118
20260303,3,89,3.68,1,untuned,NaN,0.255667782695663
20260303,3,90,3.72,1,untuned,NaN,0.0309726084103777
20260303,3,91,3.76,1,untuned,NaN,0.390089500242877
20260303,3,92,3.8,1,untuned,NaN,0.362347945308839
20260303,3,93,3.84,1,untuned,NaN,0.257722592992118
20260303,3,94,3.88,1,untuned,NaN,0.158701316900594
20260303,3,95,3.92,1,untuned,NaN,0.348052389520167
20260303,3,96,3.96,1,directional,193.299600917934,0.419331347721079
20260303,3,97,4,1,directional,102.578943784391,0.439875835774402
20260303,3,98,4.04,1,untuned,NaN,0.0983694128529267
20260303,3,99,4.08,1,untuned,NaN,0.157333147616335
20260303,3,100,4.12,1,untuned,NaN,0.118727569189612
20260303,3,101,4.16,1,untuned,NaN,0.0635560317848363
20260303,3,102,4.2,1,untuned,NaN,0.133173706177795
20260303,3,103,4.36,1,directional,110.396218055707,0.247732102723292
20260303,3,104,4.44,1,directional,343.535422462184,0.220613624153372
20260303,3,105,7.96,1,untuned,NaN,0.351848117298653
20260303,3,106,8.08,1,untuned,NaN,0.275936747525072
20260303,3,107,8.24,1,untuned,NaN,0.238396333483059
20260303,3,108,9.26,1,complex,NaN,0.58132272952328
20260303,3,109,9.3,0,not_responsive,NaN,0
20260303,3,110,9.34,1,untuned,NaN,0.92477163592926
20260303,3,111,9.38,1,directional,139.573780960117,0.782741959236154
20260303,3,112,9.42,1,untuned,NaN,0.306384205998617
20260303,3,113,9.46,0,not_responsive,NaN,0
20260303,3,114,9.5,1,untuned,NaN,0.275917277083437
20260303,3,115,9.54,1,untuned,NaN,0.496923613095456
20260303,3,116,9.58,1,untuned,NaN,0.249192902792741
20260303,3,117,9.62,0,not_responsive,NaN,0
20260303,3,118,9.66,1,untuned,NaN,0.280006899450966
20260303,3,119,9.7,1,untuned,NaN,0.223670250521327
20260303,3,120,9.74,1,complex,NaN,0.297251508489014
20260303,3,121,9.78,0,not_responsive,NaN,0
20260303,3,122,9.82,1,complex,NaN,0.765406923536898
20260303,3,123,9.86,0,not_responsive,NaN,0
20260303,3,124,9.9,1,untuned,NaN,0.41847407715866
20260303,3,125,9.94,0,not_responsive,NaN,0
20260303,3,126,9.98,1,untuned,NaN,1
20260303,3,127,10.02,0,not_responsive,NaN,0
20260303,3,128,10.06,0,not_responsive,NaN,0
20260303,3,129,10.1,1,untuned,NaN,0.370956829723042
20260303,3,130,10.14,1,untuned,NaN,0.356930816837168
20260303,3,131,10.18,1,untuned,NaN,0.373834160535233
20260303,3,132,10.22,1,untuned,NaN,0.22619225422716
20260303,3,133,10.26,1,directional,200.217672579602,0.47040566160409
20260303,3,134,10.3,1,untuned,NaN,0.0783487168402706
20260303,3,135,10.34,0,not_responsive,NaN,0
20260303,3,136,10.38,1,directional,185.420352314877,0.292626125859021
20260303,3,137,10.42,0,not_responsive,NaN,0
20260303,3,138,10.46,1,untuned,NaN,0
20260303,3,139,10.5,0,not_responsive,NaN,0
20260303,3,140,10.54,1,untuned,NaN,0.220898269776197
20260303,3,141,10.58,1,untuned,NaN,0.319499196768507
20260303,3,142,10.62,1,untuned,NaN,0.266318141615834
20260303,3,143,10.66,1,untuned,NaN,0.197423860671272
20260303,3,144,10.7,1,untuned,NaN,0.228320517537706
20260303,3,145,10.74,0,not_responsive,NaN,0
20260303,3,146,10.78,1,untuned,NaN,0.137992227113687
20260303,3,147,10.82,1,untuned,NaN,0.209231593794108
20260303,3,148,10.86,1,untuned,NaN,0.211258967544053
20260303,3,149,10.9,0,not_responsive,NaN,0
20260303,3,150,10.94,1,untuned,NaN,0.327020165110537
20260303,3,151,10.98,0,not_responsive,NaN,0
20260303,3,152,11.02,0,not_responsive,NaN,0
20260303,3,153,11.06,0,not_responsive,NaN,0
20260303,3,154,11.1,1,untuned,NaN,0.188275345502589
20260303,3,155,11.14,0,not_responsive,NaN,0
20260303,3,156,11.18,0,not_responsive,NaN,0
20260303,3,157,11.22,0,not_responsive,NaN,0
20260303,3,158,11.26,1,untuned,NaN,0.542567031907414
20260303,3,159,11.96,0,not_responsive,NaN,0
20260303,3,160,12,1,directional,196.968893171705,0.35637954382633
20260303,3,161,15.14,1,untuned,NaN,0.0717047469046566
20260303,3,162,15.18,1,untuned,NaN,0.229617219666153
20260303,3,163,15.22,1,untuned,NaN,0.0931189467249525
20260303,3,164,15.26,1,untuned,NaN,0.165336170223183
20260303,3,165,15.3,1,untuned,NaN,0.188880156085708
20260303,3,166,15.34,0,not_responsive,NaN,0
20260303,3,167,15.38,1,untuned,NaN,0.156077410971987
20260303,3,168,15.42,1,directional,96.8208129763187,0.419505961343679
20260303,3,169,15.46,1,untuned,NaN,0.203272798949686
20260303,3,170,15.5,1,untuned,NaN,0.123294247603626
20260303,3,171,15.54,1,untuned,NaN,0.17555577847788
20260303,3,172,15.58,1,untuned,NaN,0.154488317752161
20260303,3,173,15.62,1,untuned,NaN,0.242745125443297
20260303,3,174,15.66,0,not_responsive,NaN,0
20260303,3,175,15.7,1,untuned,NaN,0.279677742691294
20260303,3,176,15.74,1,untuned,NaN,0.350888400754409
20260303,3,177,15.78,0,not_responsive,NaN,0
20260303,3,178,15.82,1,untuned,NaN,0.430603557450919
20260303,3,179,15.86,1,complex,NaN,0.466686135638037
20260303,3,180,15.9,0,not_responsive,NaN,0
20260303,3,181,15.94,0,not_responsive,NaN,0
20260303,3,182,15.98,0,not_responsive,NaN,0
20260303,3,183,16.02,0,not_responsive,NaN,0
20260303,3,184,16.06,0,not_responsive,NaN,0
20260303,3,185,16.1,1,untuned,NaN,0.413539412667334
20260303,3,186,16.14,0,not_responsive,NaN,0
20260303,3,187,16.18,0,not_responsive,NaN,0
20260303,3,188,16.22,0,not_responsive,NaN,0
20260303,3,189,16.26,0,not_responsive,NaN,0
20260303,3,190,16.3,0,not_responsive,NaN,0
20260303,3,191,16.34,0,not_responsive,NaN,0
20260303,3,192,16.38,0,not_responsive,NaN,0
20260303,3,193,16.42,0,not_responsive,NaN,0
20260303,3,194,16.46,0,not_responsive,NaN,0
20260303,3,195,16.5,0,not_responsive,NaN,0
20260303,3,196,16.54,0,not_responsive,NaN,0
20260303,3,197,16.58,0,not_responsive,NaN,0
20260303,3,198,16.62,0,not_responsive,NaN,0
20260303,3,199,16.66,0,not_responsive,NaN,0
20260303,3,200,16.7,0,not_responsive,NaN,0
20260303,3,201,16.74,0,not_responsive,NaN,0
20260303,3,202,16.78,0,not_responsive,NaN,0
20260303,3,203,16.82,0,not_responsive,NaN,0
20260303,3,204,16.86,0,not_responsive,NaN,0
20260303,3,205,16.9,0,not_responsive,NaN,0
20260303,3,206,17.02,0,not_responsive,NaN,0
20260303,3,207,17.06,0,not_responsive,NaN,0
20260303,3,208,17.1,0,not_responsive,NaN,0
20260303,3,209,17.14,0,not_responsive,NaN,0
20260303,3,210,17.18,0,not_responsive,NaN,0
20260303,3,211,17.22,0,not_responsive,NaN,0
20260303,3,212,17.26,0,not_responsive,NaN,0
20260303,3,213,17.3,0,not_responsive,NaN,0
20260303,3,214,17.34,0,not_responsive,NaN,0
20260303,3,215,17.38,0,not_responsive,NaN,0
20260303,3,216,17.42,0,not_responsive,NaN,0
20260303,3,217,17.46,0,not_responsive,NaN,0
20260303,3,218,17.5,0,not_responsive,NaN,0
20260303,3,219,17.54,0,not_responsive,NaN,0
20260303,3,220,17.58,0,not_responsive,NaN,0
20260303,3,221,17.62,0,not_responsive,NaN,0
20260303,3,222,17.66,0,not_responsive,NaN,0
20260303,3,223,17.7,0,not_responsive,NaN,0
20260303,3,224,17.74,0,not_responsive,NaN,0
20260303,3,225,17.78,0,not_responsive,NaN,0
20260303,3,226,17.82,0,not_responsive,NaN,0
20260303,3,227,17.86,0,not_responsive,NaN,0
20260303,3,228,17.9,0,not_responsive,NaN,0
20260303,3,229,17.94,0,not_responsive,NaN,0
20260303,3,230,17.98,0,not_responsive,NaN,0
20260303,3,231,18.02,0,not_responsive,NaN,0
20260303,3,232,18.06,0,not_responsive,NaN,0
20260303,3,233,18.1,0,not_responsive,NaN,0
20260303,3,234,18.14,0,not_responsive,NaN,0
20260303,3,235,18.18,0,not_responsive,NaN,0
20260303,3,236,18.22,0,not_responsive,NaN,0
20260303,3,237,18.26,0,not_responsive,NaN,0
20260303,3,238,18.3,0,not_responsive,NaN,0
20260303,3,239,18.34,0,not_responsive,NaN,0
20260303,3,240,18.38,0,not_responsive,NaN,0
20260303,3,241,18.42,0,not_responsive,NaN,0
20260303,3,242,18.46,0,not_responsive,NaN,0
20260303,3,243,18.5,0,not_responsive,NaN,0
20260303,3,244,18.54,0,not_responsive,NaN,0
20260303,3,245,18.58,0,not_responsive,NaN,0
20260303,3,246,18.62,0,not_responsive,NaN,0
20260303,3,247,18.66,0,not_responsive,NaN,0
20260303,3,248,18.7,0,not_responsive,NaN,0
20260303,3,249,18.74,0,not_responsive,NaN,0
20260303,3,250,18.78,0,not_responsive,NaN,0
20260303,3,251,18.82,0,not_responsive,NaN,0
20260303,3,252,18.86,0,not_responsive,NaN,0
20260303,3,253,18.9,0,not_responsive,NaN,0
20260303,3,254,18.94,0,not_responsive,NaN,0
20260303,3,255,18.98,1,untuned,NaN,0.15239253718025
20260303,3,256,19.02,1,untuned,NaN,0.0314576306396928
20260303,3,257,19.06,0,not_responsive,NaN,0
20260303,3,258,19.1,0,not_responsive,NaN,0
20260303,3,259,19.14,1,untuned,NaN,0.247252439286526
20260303,3,260,19.18,1,untuned,NaN,0.198021187351894
20260303,3,261,19.22,1,untuned,NaN,0.419383862525651
20260303,3,262,19.26,1,untuned,NaN,0.416863658731029
20260303,3,263,19.3,0,not_responsive,NaN,0
20260303,3,264,19.34,0,not_responsive,NaN,0
20260303,3,265,19.38,0,not_responsive,NaN,0
20260303,3,266,19.42,0,not_responsive,NaN,0
20260303,3,267,19.46,0,not_responsive,NaN,0
20260303,3,268,19.5,0,not_responsive,NaN,0
20260303,3,269,19.54,0,not_responsive,NaN,0
20260303,3,270,19.58,0,not_responsive,NaN,0
20260303,3,271,19.62,1,untuned,NaN,0.210443496055935
20260303,3,272,19.66,0,not_responsive,NaN,0
20260303,3,273,19.7,0,not_responsive,NaN,0
20260303,3,274,19.74,0,not_responsive,NaN,0
20260303,3,275,19.78,0,not_responsive,NaN,0
20260303,3,276,19.82,0,not_responsive,NaN,0
20260303,3,277,19.86,0,not_responsive,NaN,0
20260303,3,278,19.9,0,not_responsive,NaN,0
20260303,3,279,19.94,1,complex,NaN,0.60470782141235
20260303,3,280,19.98,0,not_responsive,NaN,0
20260303,3,281,20.02,0,not_responsive,NaN,0
20260303,3,282,20.06,0,not_responsive,NaN,0
20260303,3,283,20.1,1,untuned,NaN,0.583107917251187
20260303,3,284,20.14,0,not_responsive,NaN,0
20260303,3,285,20.18,0,not_responsive,NaN,0
20260303,3,286,20.22,0,not_responsive,NaN,0
20260303,3,287,20.26,0,not_responsive,NaN,0
20260303,3,288,20.3,1,untuned,NaN,0.207094237114033
20260303,3,289,20.34,0,not_responsive,NaN,0
20260303,3,290,20.38,0,not_responsive,NaN,0
20260303,3,291,20.42,0,not_responsive,NaN,0
20260303,3,292,20.46,0,not_responsive,NaN,0
20260303,3,293,20.5,0,not_responsive,NaN,0
20260303,3,294,20.54,0,not_responsive,NaN,0
20260303,3,295,20.58,0,not_responsive,NaN,0
20260303,3,296,20.62,0,not_responsive,NaN,0
20260303,3,297,20.66,0,not_responsive,NaN,0
20260303,3,298,20.7,0,not_responsive,NaN,0
20260303,3,299,20.74,0,not_responsive,NaN,0
20260303,3,300,20.78,0,not_responsive,NaN,0
20260303,3,301,20.82,0,not_responsive,NaN,0
20260303,3,302,23.68,0,not_responsive,NaN,0
20260303,3,303,23.72,0,not_responsive,NaN,0
20260303,3,304,23.76,1,untuned,NaN,0.327866057544084
20260303,3,305,23.8,1,complex,NaN,0.324641825183918
20260303,3,306,23.84,1,untuned,NaN,0.199092469382839
20260303,3,307,23.88,1,complex,NaN,0.31764461665807
20260303,3,308,23.92,1,untuned,NaN,0.233576750456959
20260303,3,309,23.96,1,untuned,NaN,0.543076383205811
20260303,3,310,24,1,untuned,NaN,0.133211845485814
20260303,3,311,24.04,1,untuned,NaN,0.241330603053173
20260303,3,312,24.08,1,untuned,NaN,0.293184312080375
20260303,3,313,24.12,1,untuned,NaN,0.651893450064205
20260303,3,314,24.16,1,untuned,NaN,0.279931528911676
20260303,3,315,24.2,1,untuned,NaN,0.287543486685572
20260303,3,316,24.24,1,untuned,NaN,0.180484219645942
20260303,3,317,24.28,1,untuned,NaN,0.369861266221244
20260303,3,318,24.32,1,untuned,NaN,0.299214488585551
20260303,3,319,24.36,1,complex,NaN,0.169376774529038
20260303,3,320,24.4,1,untuned,NaN,0.244397266070344
20260303,3,321,24.44,1,untuned,NaN,0.183256543710873
20260303,3,322,24.48,1,untuned,NaN,0.16077469689916
20260303,3,323,24.52,1,complex,NaN,0.367218486934514
20260303,3,324,24.56,1,untuned,NaN,0.337061103724474
20260303,3,325,24.6,1,complex,NaN,0.36437104078375
20260303,3,326,24.64,1,untuned,NaN,0.473650073392291
20260303,3,327,24.68,1,untuned,NaN,0.173900322069128
20260303,3,328,24.72,1,complex,NaN,0.367140365484895
20260303,3,329,24.76,1,directional,133.47415133425,0.463246691139493
20260303,3,330,24.8,1,untuned,NaN,0.22735564713449
20260303,3,331,24.84,1,untuned,NaN,0.404766365017591
20260303,3,332,24.88,1,complex,NaN,0.360481605878183
20260303,3,333,24.92,1,untuned,NaN,0.0629259744911331
20260303,3,334,24.96,1,untuned,NaN,0.295415587349157
20260303,3,335,25,1,untuned,NaN,0.249380401953521
20260303,3,336,25.04,1,untuned,NaN,0.218242751514277
20260303,3,337,25.08,1,untuned,NaN,0.23039580848362
20260303,3,338,25.12,1,untuned,NaN,0.169606762371163
20260303,3,339,25.16,1,untuned,NaN,0.23369671155149
20260303,3,340,25.2,1,untuned,NaN,0.447098856894642
20260303,3,341,25.24,1,untuned,NaN,0.304920896701133
20260303,3,342,25.28,1,untuned,NaN,0.244133407924748
20260303,3,343,25.32,1,untuned,NaN,0.330372931818112
20260303,3,344,25.36,1,untuned,NaN,0.329065033791776
20260303,3,345,25.4,1,untuned,NaN,0.285936194118802
20260303,3,346,25.44,1,untuned,NaN,0.404110230540766
20260303,3,347,25.48,1,untuned,NaN,0.19279499114933
20260303,3,348,25.52,1,untuned,NaN,0.522150605590427
20260303,3,349,25.56,1,untuned,NaN,0.272849500369456
20260303,3,350,25.6,0,not_responsive,NaN,0
20260303,3,351,25.64,1,untuned,NaN,0.285822530376
20260303,3,352,25.68,1,untuned,NaN,0.216647221321164
20260303,3,353,25.72,1,untuned,NaN,0.575018164385042
20260303,3,354,25.76,1,directional,143.043940134041,0.471753160218241
20260303,3,355,25.8,1,untuned,NaN,0.358160081482596
20260303,3,356,25.84,1,untuned,NaN,0.313810357851469
20260303,3,357,25.88,1,untuned,NaN,0.0990106347923826
20260303,3,358,25.92,1,untuned,NaN,0.262236212343805
20260303,3,359,25.96,1,untuned,NaN,0.267198752404413
20260303,3,360,26,1,untuned,NaN,0.202967799559335
20260303,3,361,26.04,1,untuned,NaN,0.171293991283978
20260303,3,362,26.08,1,untuned,NaN,0.0908525562595446
20260303,3,363,26.12,1,untuned,NaN,0.313013984349482
20260303,3,364,26.16,1,untuned,NaN,0.384337879628737
20260303,3,365,26.2,1,untuned,NaN,0.37714127787734
20260303,3,366,26.24,1,directional,93.4695145933399,0.449372381910307
20260303,3,367,26.28,1,untuned,NaN,0.465347429796367
20260303,3,368,26.32,1,untuned,NaN,0.343364708384125
20260303,3,369,26.36,1,untuned,NaN,0.272433264128753
20260303,3,370,26.4,1,untuned,NaN,0.19486275361923
20260303,3,371,26.44,1,untuned,NaN,0.435842957553741
20260303,3,372,26.48,1,untuned,NaN,0.231891188023737
20260303,3,373,26.52,1,untuned,NaN,0.252856674125679
20260303,3,374,26.56,1,untuned,NaN,0.263844138371066
20260303,3,375,26.6,1,untuned,NaN,0.307684598315593
20260303,3,376,26.64,1,untuned,NaN,0.0649134985121947
20260303,3,377,26.68,1,untuned,NaN,0.0502774542234608
20260303,3,378,26.72,1,untuned,NaN,0.371247987514349
20260303,3,379,26.76,1,untuned,NaN,0.164896642214278
20260303,3,380,26.8,1,untuned,NaN,0.153010252663156
20260303,3,381,26.84,1,untuned,NaN,0.425481337803364
20260303,3,382,26.88,1,untuned,NaN,0.437882096225273
20260303,3,383,26.92,0,not_responsive,NaN,0
20260303,3,384,26.96,0,not_responsive,NaN,0
20260310,3,1,0,1,directional,274.412990998343,0.884594401752634
20260310,3,2,0.04,1,complex,NaN,0.841058167440822
20260310,3,3,0.08,1,untuned,NaN,0.614085724819127
20260310,3,4,0.12,1,untuned,NaN,0.358112761765179
20260310,3,5,0.16,0,not_responsive,NaN,0
20260310,3,6,0.2,1,untuned,NaN,0.545527165461965
20260310,3,7,0.24,0,not_responsive,NaN,0
20260310,3,8,0.28,0,not_responsive,NaN,0
20260310,3,9,0.32,0,not_responsive,NaN,0
20260310,3,10,0.36,0,not_responsive,NaN,0
20260310,3,11,0.4,0,not_responsive,NaN,0
20260310,3,12,0.44,0,not_responsive,NaN,0
20260310,3,13,0.48,0,not_responsive,NaN,0
20260310,3,14,0.52,0,not_responsive,NaN,0
20260310,3,15,0.56,0,not_responsive,NaN,0
20260310,3,16,0.6,0,not_responsive,NaN,0
20260310,3,17,0.64,0,not_responsive,NaN,0
20260310,3,18,0.68,0,not_responsive,NaN,0
20260310,3,19,0.72,0,not_responsive,NaN,0
20260310,3,20,0.76,0,not_responsive,NaN,0
20260310,3,21,0.8,0,not_responsive,NaN,0
20260310,3,22,0.84,0,not_responsive,NaN,0
20260310,3,23,0.88,0,not_responsive,NaN,0
20260310,3,24,0.92,1,untuned,NaN,0.261627470330422
20260310,3,25,0.96,0,not_responsive,NaN,0
20260310,3,26,1,0,not_responsive,NaN,0
20260310,3,27,1.04,0,not_responsive,NaN,0
20260310,3,28,1.08,1,untuned,NaN,0.443663657526239
20260310,3,29,1.12,0,not_responsive,NaN,0
20260310,3,30,1.16,0,not_responsive,NaN,0
20260310,3,31,1.2,0,not_responsive,NaN,0
20260310,3,32,1.24,0,not_responsive,NaN,0
20260310,3,33,1.28,0,not_responsive,NaN,0
20260310,3,34,1.32,0,not_responsive,NaN,0
20260310,3,35,1.36,0,not_responsive,NaN,0
20260310,3,36,1.4,0,not_responsive,NaN,0
20260310,3,37,1.44,0,not_responsive,NaN,0
20260310,3,38,1.48,0,not_responsive,NaN,0
20260310,3,39,1.52,0,not_responsive,NaN,0
20260310,3,40,1.56,0,not_responsive,NaN,0
20260310,3,41,1.6,0,not_responsive,NaN,0
20260310,3,42,1.64,1,untuned,NaN,0.252169390903858
20260310,3,43,1.68,0,not_responsive,NaN,0
20260310,3,44,1.72,0,not_responsive,NaN,0
20260310,3,45,1.76,1,directional,80.5849618890624,0.577883316849974
20260310,3,46,1.8,1,directional,71.9529590690974,0.492591622178985
20260310,3,47,1.84,1,directional,61.6116066139184,0.470850008837154
20260310,3,48,1.88,1,untuned,NaN,0.139769265836484
20260310,3,49,1.92,0,not_responsive,NaN,0
20260310,3,50,1.96,1,untuned,NaN,0.439176604024076
20260310,3,51,2,0,not_responsive,NaN,0
20260310,3,52,2.04,0,not_responsive,NaN,0
20260310,3,53,2.08,0,not_responsive,NaN,0
20260310,3,54,2.12,0,not_responsive,NaN,0
20260310,3,55,2.16,0,not_responsive,NaN,0
20260310,3,56,2.2,0,not_responsive,NaN,0
20260310,3,57,2.24,0,not_responsive,NaN,0
20260310,3,58,2.28,0,not_responsive,NaN,0
20260310,3,59,2.32,0,not_responsive,NaN,0
20260310,3,60,2.36,0,not_responsive,NaN,0
20260310,3,61,2.4,0,not_responsive,NaN,0
20260310,3,62,2.44,0,not_responsive,NaN,0
20260310,3,63,2.48,1,untuned,NaN,0.299793572628144
20260310,3,64,2.52,0,not_responsive,NaN,0
20260310,3,65,2.56,0,not_responsive,NaN,0
20260310,3,66,2.6,0,not_responsive,NaN,0
20260310,3,67,2.64,0,not_responsive,NaN,0
20260310,3,68,2.68,0,not_responsive,NaN,0
20260310,3,69,2.72,1,untuned,NaN,0.128692224801889
20260310,3,70,2.76,1,untuned,NaN,0.0258853028696106
20260310,3,71,2.8,0,not_responsive,NaN,0
20260310,3,72,2.84,1,untuned,NaN,0.0922505161975129
20260310,3,73,2.88,0,not_responsive,NaN,0
20260310,3,74,2.92,1,untuned,NaN,0.345290094529649
20260310,3,75,2.96,0,not_responsive,NaN,0
20260310,3,76,3,1,untuned,NaN,0.0962741242240508
20260310,3,77,3.04,1,untuned,NaN,0.21993494510946
20260310,3,78,3.08,0,not_responsive,NaN,0
20260310,3,79,3.12,0,not_responsive,NaN,0
20260310,3,80,3.16,1,untuned,NaN,0.404046782010778
20260310,3,81,3.2,1,untuned,NaN,0.17510359666434
20260310,3,82,3.24,1,untuned,NaN,0.103190984515437
20260310,3,83,3.28,1,untuned,NaN,0.0915002075509882
20260310,3,84,3.32,0,not_responsive,NaN,0
20260310,3,85,3.36,1,untuned,NaN,0.0675050468642579
20260310,3,86,3.4,1,untuned,NaN,0.278469759452111
20260310,3,87,3.44,1,untuned,NaN,0.0837071987293866
20260310,3,88,3.48,1,untuned,NaN,0.246886240463199
20260310,3,89,3.52,1,untuned,NaN,0.182734589445088
20260310,3,90,3.56,1,untuned,NaN,1
20260310,3,91,3.6,1,directional,157.974776084688,0.474446562234307
20260310,3,92,3.64,1,untuned,NaN,0.229412972880416
20260310,3,93,3.68,1,untuned,NaN,0.252116180716736
20260310,3,94,3.72,1,untuned,NaN,0.232895376374955
20260310,3,95,3.76,1,untuned,NaN,0.0846593165461155
20260310,3,96,3.8,1,untuned,NaN,0.0354916543011489
20260310,3,97,3.84,1,untuned,NaN,0.596968802741959
20260310,3,98,3.88,1,untuned,NaN,0.0695250777949324
20260310,3,99,3.92,1,directional,274.58691632505,0.906210984014581
20260310,3,100,3.96,1,untuned,NaN,0.577717466526298
20260310,3,101,4,1,untuned,NaN,0.278774261362984
20260310,3,102,4.04,1,untuned,NaN,0.182087244612196
20260310,3,103,4.08,1,directional,105.268918772278,0.596422379234582
20260310,3,104,4.12,1,directional,102.35132447775,0.916557338367393
20260310,3,105,4.16,1,directional,112.881724566964,0.878945602820093
20260310,3,106,4.2,1,directional,151.373250424473,0.446245477657683
20260310,3,107,4.24,1,untuned,NaN,0.241843890788221
20260310,3,108,4.28,1,untuned,NaN,0.25529230025249
20260310,3,109,4.32,1,complex,NaN,0.629005156427257
20260310,3,110,4.36,1,directional,288.02247516088,0.690213607823983
20260310,3,111,4.4,1,untuned,NaN,0.247179997375665
20260310,3,112,4.44,1,untuned,NaN,0.132372948290767
20260310,3,113,4.48,1,complex,NaN,0.148498722097358
20260310,3,114,4.52,1,untuned,NaN,0.0574916963313318
20260310,3,115,4.56,1,untuned,NaN,0.26787633605461
20260310,3,116,4.6,1,directional,151.398914603932,0.270325990715734
20260310,3,117,4.64,1,untuned,NaN,0.250647818979659
20260310,3,118,4.68,1,untuned,NaN,0.190851191719887
20260310,3,119,4.72,1,directional,95.8251226820532,0.424913826680257
20260310,3,120,4.76,1,directional,26.6678155661678,0.452626248098847
20260310,3,121,4.8,1,directional,65.5033483919645,0.924440793005928
20260310,3,122,4.84,0,not_responsive,NaN,0
20260310,3,123,4.88,1,untuned,NaN,0.106725273821163
20260310,3,124,4.92,1,untuned,NaN,0.261660861670699
20260310,3,125,4.96,1,directional,77.8419663195441,0.393190021084607
20260310,3,126,5,1,directional,85.9538940823908,0.545681766622586
20260310,3,127,5.04,1,directional,102.920191466769,0.583186795694049
20260310,3,128,5.08,1,complex,NaN,0.281805857244421
20260310,3,129,5.12,1,untuned,NaN,0.18525972060333
20260310,3,130,5.16,1,untuned,NaN,0
20260310,3,131,5.2,1,untuned,NaN,0.252870005572687
20260310,3,132,5.24,1,directional,316.874304032765,0.46634875430043
20260310,3,133,5.28,1,directional,344.926299858795,0.351412051594198
20260310,3,134,5.32,1,directional,131.431229369783,0.427543464280831
20260310,3,135,5.36,1,complex,NaN,0.15229952985013
20260310,3,136,5.4,1,directional,44.0158849418883,0.477028429525352
20260310,3,137,5.44,1,directional,57.9963085945786,0.328522410739155
20260310,3,138,5.48,0,not_responsive,NaN,0
20260310,3,139,5.52,1,directional,84.6164630776167,0.422437351432488
20260310,3,140,5.56,1,untuned,NaN,0.195176722088354
20260310,3,141,5.6,1,untuned,NaN,0.489888511543981
20260310,3,142,5.64,1,complex,NaN,0.89930101419707
20260310,3,143,5.68,1,directional,90.9469424298637,0.520160504464547
20260310,3,144,5.72,1,complex,NaN,0.323529867144893
20260310,3,145,5.76,1,untuned,NaN,0.12326842804161
20260310,3,146,5.8,1,untuned,NaN,0.101679962693687
20260310,3,147,5.84,1,directional,17.2146542976721,0.527312932822072
20260310,3,148,5.88,1,directional,77.306541951726,0.309652502719813
20260310,3,149,5.92,1,untuned,NaN,0.0922896126974347
20260310,3,150,5.96,1,complex,NaN,0.0104510937038592
20260310,3,151,6,1,untuned,NaN,0.14626955648455
20260310,3,152,6.04,1,untuned,NaN,0.137572858092512
20260310,3,153,6.08,1,untuned,NaN,0.0828220200537858
20260310,3,154,6.12,1,untuned,NaN,0.222132318676328
20260310,3,155,6.16,1,untuned,NaN,0.0583157489009655
20260310,3,156,6.2,1,untuned,NaN,0.0951405651149229
20260310,3,157,6.24,1,directional,316.115292742255,0.551674131435836
20260310,3,158,6.28,0,not_responsive,NaN,0
20260310,3,159,6.32,1,untuned,NaN,0
20260310,3,160,6.36,1,directional,76.5157936602107,0.905224210806303
20260310,3,161,6.4,1,complex,NaN,0.173909886980781
20260310,3,162,6.44,1,complex,NaN,0.179962210205739
20260310,3,163,6.48,1,directional,298.651086285992,0.33144759911902
20260310,3,164,6.52,1,directional,283.405701277212,0.332483360141345
20260310,3,165,6.56,1,directional,111.923674513814,0.178400563369464
20260310,3,166,6.6,1,directional,45.0187276588049,0.398018326605206
20260310,3,167,6.64,1,complex,NaN,0.301930401904116
20260310,3,168,6.68,1,untuned,NaN,0.267459277702582
20260310,3,169,6.72,0,not_responsive,NaN,0
20260310,3,170,6.76,1,directional,31.2648373798966,0.534778626396973
20260310,3,171,6.8,1,untuned,NaN,0.339704008130831
20260310,3,172,6.84,1,untuned,NaN,0.217267933022556
20260310,3,173,6.88,1,untuned,NaN,0.0310259645758745
20260310,3,174,6.92,1,untuned,NaN,0.153555688415474
20260310,3,175,6.96,1,directional,37.2705743427386,0.230130285280345
20260310,3,176,7,1,directional,16.1611588641191,0.259150420184754
20260310,3,177,7.04,1,untuned,NaN,0.250467572736888
20260310,3,178,7.08,1,untuned,NaN,0.189605119109083
20260310,3,179,7.12,1,untuned,NaN,0.0605152737010295
20260310,3,180,7.16,1,untuned,NaN,0.165569916353377
20260310,3,181,7.2,1,untuned,NaN,0.135045405822489
20260310,3,182,7.24,1,directional,215.552691913926,0.325340064006743
20260310,3,183,7.28,1,directional,265.306407167523,0.417945301888995
20260310,3,184,7.32,1,directional,261.90724439679,0.39756661465304
20260310,3,185,7.36,1,directional,300.088070614348,0.168495205850694
20260310,3,186,7.4,1,complex,NaN,0.12854995741254
20260310,3,187,7.44,1,directional,5.78220575399783,0.150209922013982
20260310,3,188,7.48,1,untuned,NaN,0.311825277660191
20260310,3,189,7.52,1,untuned,NaN,0.414030241755979
20260310,3,190,7.56,1,untuned,NaN,0.275160062173134
20260310,3,191,7.6,1,directional,12.6936240454308,0.475035600208244
20260310,3,192,7.64,1,untuned,NaN,0.324348434077812
20260310,3,193,7.7,1,untuned,NaN,0.393328314750825
20260310,3,194,7.74,0,not_responsive,NaN,0
20260310,3,195,7.78,0,not_responsive,NaN,0
20260310,3,196,7.82,0,not_responsive,NaN,0
20260310,3,197,7.86,1,untuned,NaN,0.512932017562765
20260310,3,198,7.9,1,untuned,NaN,0.334468569612102
20260310,3,199,7.94,1,untuned,NaN,0.215431706599438
20260310,3,200,7.98,1,directional,303.727024793925,0.823520459199047
20260310,3,201,8.02,0,not_responsive,NaN,0
20260310,3,202,8.06,1,untuned,NaN,0.120538084274583
20260310,3,203,8.1,1,untuned,NaN,0.237179326139341
20260310,3,204,8.14,1,untuned,NaN,0.246789782398392
20260310,3,205,8.18,1,untuned,NaN,0.507482337550684
20260310,3,206,8.22,1,untuned,NaN,0.232820746464019
20260310,3,207,8.26,1,untuned,NaN,0.622476145530636
20260310,3,208,8.3,1,untuned,NaN,0.178061443454217
20260310,3,209,8.34,1,untuned,NaN,0.403396447779362
20260310,3,210,8.38,1,untuned,NaN,0.298728585535165
20260310,3,211,8.42,1,untuned,NaN,0.346947065924481
20260310,3,212,8.46,1,untuned,NaN,0.306069808130313
20260310,3,213,8.5,1,untuned,NaN,0.27850469183332
20260310,3,214,8.54,1,untuned,NaN,0.402749074283813
20260310,3,215,8.58,1,untuned,NaN,0.360688165258573
20260310,3,216,8.62,1,untuned,NaN,0.386374733219202
20260310,3,217,8.66,1,untuned,NaN,0.225395961167825
20260310,3,218,8.7,1,untuned,NaN,0.425095881870486
20260310,3,219,8.74,1,untuned,NaN,0.236152923965767
20260310,3,220,8.78,1,untuned,NaN,0.396378980485484
20260310,3,221,8.82,1,untuned,NaN,0.136529863875103
20260310,3,222,8.86,1,untuned,NaN,0.0598539498411926
20260310,3,223,8.9,1,untuned,NaN,0.241971151613703
20260310,3,224,8.94,1,untuned,NaN,0.074498626354844
20260310,3,225,8.98,1,untuned,NaN,0.163604277081988
20260310,3,226,9.02,1,complex,NaN,0.597605293717209
20260310,3,227,9.06,1,untuned,NaN,0.482642977248413
20260310,3,228,9.1,1,untuned,NaN,0.200160192775467
20260310,3,229,9.14,1,untuned,NaN,0.262673004599117
20260310,3,230,9.18,1,directional,11.7233747549794,0.170349297471855
20260310,3,231,9.22,1,untuned,NaN,0
20260310,3,232,9.26,1,untuned,NaN,0
20260310,3,233,9.3,1,untuned,NaN,0.251480488891874
20260310,3,234,9.34,1,untuned,NaN,0.223451213108959
20260310,3,235,9.38,1,untuned,NaN,1
20260310,3,236,9.42,1,untuned,NaN,0.409763350373714
20260310,3,237,9.46,1,complex,NaN,0.403682811421784
20260310,3,238,9.5,1,untuned,NaN,0.0768564646785249
20260310,3,239,9.54,1,untuned,NaN,0.23055871744567
20260310,3,240,9.58,1,untuned,NaN,0.0743172325851852
20260310,3,241,9.62,1,untuned,NaN,0.0433392601799886
20260310,3,242,9.66,1,untuned,NaN,0
20260310,3,243,9.7,1,untuned,NaN,0.501258890830322
20260310,3,244,9.74,1,untuned,NaN,0.447069754337982
20260310,3,245,9.78,0,not_responsive,NaN,0
20260310,3,246,9.82,1,directional,291.939110606858,0.636120839155034
20260310,3,247,9.86,0,not_responsive,NaN,0
20260310,3,248,9.9,0,not_responsive,NaN,0
20260310,3,249,9.94,1,complex,NaN,0.546616559714753
20260310,3,250,9.98,0,not_responsive,NaN,0
20260310,3,251,10.02,1,untuned,NaN,0.238424589843555
20260310,3,252,10.06,0,not_responsive,NaN,0
20260310,3,253,10.1,0,not_responsive,NaN,0
20260310,3,254,10.14,0,not_responsive,NaN,0
20260310,3,255,10.18,1,untuned,NaN,0.230714990405101
20260310,3,256,10.22,1,untuned,NaN,0.473948027919255
20260310,3,257,10.26,1,untuned,NaN,0
20260310,3,258,10.3,0,not_responsive,NaN,0
20260310,3,259,10.34,1,untuned,NaN,0.224245129365102
20260310,3,260,10.38,0,not_responsive,NaN,0
20260310,3,261,10.42,0,not_responsive,NaN,0
20260310,3,262,10.46,0,not_responsive,NaN,0
20260310,3,263,10.5,0,not_responsive,NaN,0
20260310,3,264,10.54,1,untuned,NaN,0.295366836053802
20260310,3,265,10.58,0,not_responsive,NaN,0
20260310,3,266,10.62,1,untuned,NaN,0.0997608746817855
20260310,3,267,10.66,0,not_responsive,NaN,0
20260310,3,268,10.7,0,not_responsive,NaN,0
20260310,3,269,10.74,0,not_responsive,NaN,0
20260310,3,270,10.78,1,untuned,NaN,0.146020778062559
20260310,3,271,10.82,0,not_responsive,NaN,0
20260310,3,272,10.86,1,untuned,NaN,0.059604261514514
20260310,3,273,10.9,1,untuned,NaN,0.339051266523482
20260310,3,274,10.94,1,untuned,NaN,0.18738472358176
20260310,3,275,10.98,1,untuned,NaN,0.174349782033706
20260310,3,276,11.02,1,untuned,NaN,0.193687246812399
20260310,3,277,11.06,0,not_responsive,NaN,0
20260310,3,278,11.1,0,not_responsive,NaN,0
20260310,3,279,11.14,0,not_responsive,NaN,0
20260310,3,280,11.18,1,directional,272.45334679417,0.402037556212682
20260310,3,281,11.22,1,untuned,NaN,0.250441197227801
20260310,3,282,11.26,0,not_responsive,NaN,0
20260310,3,283,11.3,1,untuned,NaN,0.115832325777436
20260310,3,284,11.34,0,not_responsive,NaN,0
20260310,3,285,11.38,0,not_responsive,NaN,0
20260310,3,286,11.42,1,untuned,NaN,0.162885770085968
20260310,3,287,11.46,1,untuned,NaN,0.28718163139139
20260310,3,288,11.5,1,untuned,NaN,0.154811484343767
20260310,3,289,11.54,0,not_responsive,NaN,0
20260310,3,290,11.58,1,untuned,NaN,0.598502720553704
20260310,3,291,11.62,0,not_responsive,NaN,0
20260310,3,292,11.66,1,complex,NaN,0.298376787985829
20260310,3,293,11.7,0,not_responsive,NaN,0
20260310,3,294,11.74,0,not_responsive,NaN,0
20260310,3,295,11.78,0,not_responsive,NaN,0
20260310,3,296,11.82,0,not_responsive,NaN,0
20260310,3,297,11.86,1,untuned,NaN,0.240460971707616
20260310,3,298,11.9,0,not_responsive,NaN,0
20260310,3,299,11.94,0,not_responsive,NaN,0
20260310,3,300,11.98,0,not_responsive,NaN,0
20260310,3,301,12.02,0,not_responsive,NaN,0
20260310,3,302,12.06,1,untuned,NaN,0.0838392004707016
20260310,3,303,12.1,1,untuned,NaN,0.0256467282260969
20260310,3,304,12.14,1,untuned,NaN,0.126602200546705
20260310,3,305,12.18,1,untuned,NaN,0.201037649623984
20260310,3,306,12.22,0,not_responsive,NaN,0
20260310,3,307,12.26,0,not_responsive,NaN,0
20260310,3,308,12.3,1,untuned,NaN,0.35719622866794
20260310,3,309,12.34,0,not_responsive,NaN,0
20260310,3,310,12.38,0,not_responsive,NaN,0
20260310,3,311,12.42,1,untuned,NaN,0.209709024523226
20260310,3,312,12.46,0,not_responsive,NaN,0
20260310,3,313,12.5,0,not_responsive,NaN,0
20260310,3,314,12.54,0,not_responsive,NaN,0
20260310,3,315,12.58,0,not_responsive,NaN,0
20260310,3,316,12.62,0,not_responsive,NaN,0
20260310,3,317,12.66,1,directional,333.885031158885,0.630880868911362
20260310,3,318,12.7,0,not_responsive,NaN,0
20260310,3,319,12.74,0,not_responsive,NaN,0
20260310,3,320,12.78,1,untuned,NaN,0.485849724225177
20260310,3,321,12.82,1,untuned,NaN,0.294007741651302
20260310,3,322,12.86,1,untuned,NaN,0.0694492822075266
20260310,3,323,12.9,0,not_responsive,NaN,0
20260310,3,324,12.94,0,not_responsive,NaN,0
20260310,3,325,12.98,1,untuned,NaN,0.222564279990416
20260310,3,326,13.02,1,untuned,NaN,0.257432181816144
20260310,3,327,13.06,1,untuned,NaN,0.244758900998986
20260310,3,328,13.1,0,not_responsive,NaN,0
20260310,3,329,13.14,0,not_responsive,NaN,0
20260310,3,330,13.18,0,not_responsive,NaN,0
20260310,3,331,13.22,0,not_responsive,NaN,0
20260310,3,332,13.26,0,not_responsive,NaN,0
20260310,3,333,13.3,0,not_responsive,NaN,0
20260310,3,334,13.34,0,not_responsive,NaN,0
20260310,3,335,13.38,0,not_responsive,NaN,0
20260310,3,336,13.42,1,untuned,NaN,0.153392738670759
20260310,3,337,13.46,0,not_responsive,NaN,0
20260310,3,338,13.5,0,not_responsive,NaN,0
20260310,3,339,13.54,0,not_responsive,NaN,0
20260310,3,340,13.58,0,not_responsive,NaN,0
20260310,3,341,13.62,0,not_responsive,NaN,0
20260310,3,342,13.66,0,not_responsive,NaN,0
20260310,3,343,13.7,0,not_responsive,NaN,0
20260310,3,344,13.74,1,untuned,NaN,0.255768394329084
20260310,3,345,13.78,1,untuned,NaN,0.513358253203005
20260310,3,346,13.82,0,not_responsive,NaN,0
20260310,3,347,13.86,0,not_responsive,NaN,0
20260310,3,348,13.9,1,untuned,NaN,0.271108220345651
20260310,3,349,13.94,0,not_responsive,NaN,0
20260310,3,350,13.98,0,not_responsive,NaN,0
20260310,3,351,14.02,1,untuned,NaN,0.140623745754217
20260310,3,352,14.06,0,not_responsive,NaN,0
20260310,3,353,14.1,1,untuned,NaN,0.179933408044432
20260310,3,354,14.14,1,untuned,NaN,0.167658208790426
20260310,3,355,14.18,0,not_responsive,NaN,0
20260310,3,356,14.22,0,not_responsive,NaN,0
20260310,3,357,14.26,1,complex,NaN,0.22672098880816
20260310,3,358,14.3,1,untuned,NaN,0.37996894115916
20260310,3,359,14.34,0,not_responsive,NaN,0
20260310,3,360,14.38,0,not_responsive,NaN,0
20260310,3,361,14.42,1,untuned,NaN,0.212311293784235
20260310,3,362,14.46,1,untuned,NaN,0.657978842087012
20260310,3,363,14.5,0,not_responsive,NaN,0
20260310,3,364,14.54,1,untuned,NaN,0.41867454376993
20260310,3,365,14.58,1,untuned,NaN,0.170592271946489
20260310,3,366,14.62,0,not_responsive,NaN,0
20260310,3,367,14.66,0,not_responsive,NaN,0
20260310,3,368,14.7,0,not_responsive,NaN,0
20260310,3,369,14.74,0,not_responsive,NaN,0
20260310,3,370,14.78,0,not_responsive,NaN,0
20260310,3,371,14.82,1,untuned,NaN,0.209413887710615
20260310,3,372,14.86,1,untuned,NaN,0.175540659441044
20260310,3,373,14.9,1,directional,20.9672387594691,0.47351953803912
20260310,3,374,14.94,1,directional,20.1013042404541,0.241113206714216
20260310,3,375,14.98,1,directional,3.79246034323468,0.356764865111938
20260310,3,376,15.02,1,directional,356.858019318969,0.486728425099874
20260310,3,377,15.06,1,directional,2.13549724839921,0.400489969516538
20260310,3,378,15.1,1,directional,357.767556945254,0.347205053702056
20260310,3,379,15.14,1,directional,350.703783019285,0.330392300053442
20260310,3,380,15.18,1,directional,355.857203968514,0.426007522719969
20260310,3,381,15.22,1,untuned,NaN,0.201142394057542
20260310,3,382,15.26,0,not_responsive,NaN,0
20260310,3,383,15.3,0,not_responsive,NaN,0
20260310,3,384,15.34,1,untuned,NaN,0.118456178978068
20260312,3,1,0,1,directional,168.785154749619,0.328627148459868
20260312,3,2,0.02,1,directional,129.885617004652,0.332083010727683
20260312,3,3,0.04,1,complex,NaN,0.2343862712726
20260312,3,4,0.06,1,untuned,NaN,0.169664287141746
20260312,3,5,0.08,1,directional,139.513343114487,0.22112705186561
20260312,3,6,0.1,1,directional,157.433639373234,0.213465834625361
20260312,3,7,0.12,1,directional,151.9383532123,0.200836690257574
20260312,3,8,0.14,1,directional,159.261746864725,0.227199936349645
20260312,3,9,0.16,1,directional,151.910802004997,0.198536462607633
20260312,3,10,0.18,1,untuned,NaN,0.0806578402462613
20260312,3,11,0.2,1,untuned,NaN,0.153427152706429
20260312,3,12,0.22,1,directional,140.434648109487,0.191698230182685
20260312,3,13,0.24,1,untuned,NaN,0.113854147810256
20260312,3,14,0.26,1,untuned,NaN,0.143093355186295
20260312,3,15,0.28,1,directional,148.344904774773,0.279165850834539
20260312,3,16,0.3,1,directional,150.454841626512,0.385886514187186
20260312,3,17,0.32,1,directional,134.426584800115,0.279135546311793
20260312,3,18,0.34,1,directional,152.432535738668,0.211695188666089
20260312,3,19,0.36,1,untuned,NaN,0.101093028774593
20260312,3,20,0.38,1,untuned,NaN,0.138869693499739
20260312,3,21,0.4,1,directional,148.022070665179,0.197336302827449
20260312,3,22,0.42,1,untuned,NaN,0.145720325265527
20260312,3,23,0.44,1,untuned,NaN,0.144746250282333
20260312,3,24,0.46,1,untuned,NaN,0.158974071767575
20260312,3,25,0.48,1,untuned,NaN,0.121642396055685
20260312,3,26,0.5,1,untuned,NaN,0.0885042640553497
20260312,3,27,0.52,1,untuned,NaN,0.100533591883958
20260312,3,28,0.54,1,untuned,NaN,0.129460415544714
20260312,3,29,0.56,1,directional,152.597077233616,0.212136263064673
20260312,3,30,0.58,1,directional,155.988316372028,0.322958549231466
20260312,3,31,0.6,1,directional,160.507434608425,0.348868634174968
20260312,3,32,0.62,1,directional,129.264558451141,0.319192107726384
20260312,3,33,0.64,1,directional,125.994722670342,0.271425867049636
20260312,3,34,0.66,1,directional,137.926204785898,0.351774533146121
20260312,3,35,0.68,1,directional,152.111410016336,0.392730763220475
20260312,3,36,0.7,1,directional,168.743930400238,0.446386404139577
20260312,3,37,0.72,1,directional,160.376658523695,0.445985502102086
20260312,3,38,0.74,1,directional,152.051559643234,0.406514092589905
20260312,3,39,0.76,1,directional,143.307340496708,0.441636392905751
20260312,3,40,0.78,1,directional,141.021587927735,0.40884774849825
20260312,3,41,0.8,1,directional,136.213836120059,0.362685119172802
20260312,3,42,0.82,1,directional,133.813156895062,0.359049431582295
20260312,3,43,0.84,1,directional,134.653781438856,0.315196096584011
20260312,3,44,0.86,1,directional,137.131121414079,0.27098266047727
20260312,3,45,0.88,1,directional,149.13817562276,0.367689601830546
20260312,3,46,0.9,1,directional,147.171484551705,0.470354066025497
20260312,3,47,0.92,1,directional,146.932041067561,0.495600680764649
20260312,3,48,0.94,1,directional,140.563100275974,0.470958199155435
20260312,3,49,0.96,1,directional,141.783060651524,0.461735023147254
20260312,3,50,0.98,1,directional,143.604094118776,0.358677085627694
20260312,3,51,1,1,directional,137.486838246907,0.353914279281615
20260312,3,52,1.02,1,directional,136.891974300992,0.38183841316419
20260312,3,53,1.04,1,directional,138.221505953931,0.33146736484447
20260312,3,54,1.06,1,directional,133.931290205679,0.260962820004813
20260312,3,55,1.08,1,complex,NaN,0.124518911793143
20260312,3,56,1.1,1,directional,150.858700405104,0.226427439730242
20260312,3,57,1.12,1,directional,127.977365017555,0.201159685711399
20260312,3,58,1.14,1,directional,106.235298679665,0.244504366660037
20260312,3,59,1.16,1,directional,84.4214429160062,0.227938666216316
20260312,3,60,1.18,1,directional,97.6631955336222,0.217098727188186
20260312,3,61,1.2,1,directional,125.490191404775,0.216923028451821
20260312,3,62,1.22,1,directional,123.816677256932,0.122923196654645
20260312,3,63,1.24,1,directional,123.105786917249,0.191681513708767
20260312,3,64,1.26,1,directional,109.362635929244,0.245131986675585
20260312,3,65,1.28,1,directional,86.9643101580437,0.189892064217919
20260312,3,66,1.3,1,directional,101.932092469821,0.193255013957315
20260312,3,67,1.32,1,complex,NaN,0.200807152047186
20260312,3,68,1.34,1,directional,109.795713622667,0.23650870661384
20260312,3,69,1.36,1,directional,102.122896112526,0.219762464554617
20260312,3,70,1.38,1,directional,108.75252034944,0.272303796053032
20260312,3,71,1.4,1,untuned,NaN,0.250294721363191
20260312,3,72,1.42,1,directional,114.13794742328,0.501467074707854
20260312,3,73,1.44,1,directional,111.96455311033,0.548210698041483
20260312,3,74,1.46,1,directional,112.704159328441,0.545543940102303
20260312,3,75,1.48,1,directional,114.107763650385,0.786144351785391
20260312,3,76,1.5,1,directional,116.414850341013,0.842017242597006
20260312,3,77,1.52,1,complex,NaN,0.894546400786955
20260312,3,78,1.54,1,complex,NaN,0.942520733889473
20260312,3,79,1.56,1,complex,NaN,0.942225786294132
20260312,3,80,1.58,1,directional,105.113477129915,0.882053974729356
20260312,3,81,1.6,1,directional,103.278076817183,0.713698462212416
20260312,3,82,1.62,1,directional,103.51755532918,0.694611288080167
20260312,3,83,1.64,1,directional,105.453592742253,0.566476120378173
20260312,3,84,1.66,1,directional,103.582488288508,0.462659595055204
20260312,3,85,1.68,1,directional,104.54214156108,0.449142106973157
20260312,3,86,1.7,1,directional,102.938101951516,0.43915438233225
20260312,3,87,1.72,1,directional,104.955134702555,0.433257906389136
20260312,3,88,1.74,1,directional,100.54996216465,0.451903193757667
20260312,3,89,1.76,1,directional,99.5594415282791,0.479363796906694
20260312,3,90,1.78,1,directional,103.634668666938,0.44646917293164
20260312,3,91,1.8,1,directional,98.1178528080842,0.494618981710078
20260312,3,92,1.82,1,directional,96.37793184346,0.448025161190602
20260312,3,93,1.84,1,directional,95.4279811898231,0.462016459274631
20260312,3,94,1.86,1,directional,94.0682861844335,0.43480523911412
20260312,3,95,1.88,1,directional,106.381736991307,0.403010584114481
20260312,3,96,1.9,1,directional,102.497466699886,0.461828616667366
20260312,3,97,1.92,1,directional,103.947493036839,0.327749721227469
20260312,3,98,1.94,1,directional,93.8948112895465,0.3256864216682
20260312,3,99,1.96,1,directional,104.190932178761,0.422755896380851
20260312,3,100,1.98,1,directional,99.7879453994003,0.357893156275095
20260312,3,101,2,1,directional,102.691440091437,0.476994783511741
20260312,3,102,2.02,1,complex,NaN,0.265061168796842
20260312,3,103,2.04,1,directional,103.667568184074,0.381256891497969
20260312,3,104,2.06,1,directional,79.273444569866,0.345419647293766
20260312,3,105,2.08,1,directional,83.947462607859,0.393375750686281
20260312,3,106,2.1,1,directional,86.1971965362883,0.43708357674145
20260312,3,107,2.12,1,directional,103.881199726976,0.392627819922132
20260312,3,108,2.14,1,directional,102.484672150074,0.455860284678098
20260312,3,109,2.16,1,untuned,NaN,0.274937038097091
20260312,3,110,2.18,1,untuned,NaN,0.0801173506101871
20260312,3,111,2.2,1,complex,NaN,0.129039368735989
20260312,3,112,2.22,1,complex,NaN,0.235379405561885
20260312,3,113,2.24,1,untuned,NaN,0.201658747251057
20260312,3,114,2.26,1,untuned,NaN,0.299696938771147
20260312,3,115,2.28,1,untuned,NaN,0.171015279014938
20260312,3,116,2.3,1,untuned,NaN,0.339369869931935
20260312,3,117,2.32,1,untuned,NaN,0.338340068423742
20260312,3,118,2.34,1,untuned,NaN,0.238812411392022
20260312,3,119,2.36,1,untuned,NaN,0.211022227226279
20260312,3,120,2.38,1,untuned,NaN,0.222367967241148
20260312,3,121,2.4,0,not_responsive,NaN,0
20260312,3,122,2.42,1,complex,NaN,0.152401985804863
20260312,3,123,2.44,1,untuned,NaN,0.235211818745915
20260312,3,124,2.46,1,untuned,NaN,0.105739646863149
20260312,3,125,2.48,0,not_responsive,NaN,0
20260312,3,126,2.5,1,untuned,NaN,0.181129688201997
20260312,3,127,2.52,0,not_responsive,NaN,0
20260312,3,128,2.54,0,not_responsive,NaN,0
20260312,3,129,2.56,1,untuned,NaN,0.153931372690464
20260312,3,130,2.58,0,not_responsive,NaN,0
20260312,3,131,2.6,1,untuned,NaN,0.0882662521896177
20260312,3,132,2.62,1,untuned,NaN,0.0608150058778101
20260312,3,133,2.64,1,untuned,NaN,0.105604374888165
20260312,3,134,2.66,0,not_responsive,NaN,0
20260312,3,135,2.68,1,untuned,NaN,0.247499821763392
20260312,3,136,2.7,1,untuned,NaN,0.241364502993279
20260312,3,137,2.72,0,not_responsive,NaN,0
20260312,3,138,2.74,0,not_responsive,NaN,0
20260312,3,139,2.76,0,not_responsive,NaN,0
20260312,3,140,2.78,0,not_responsive,NaN,0
20260312,3,141,2.8,0,not_responsive,NaN,0
20260312,3,142,2.82,0,not_responsive,NaN,0
20260312,3,143,2.84,0,not_responsive,NaN,0
20260312,3,144,2.86,1,untuned,NaN,0.150081334986106
20260312,3,145,2.88,1,untuned,NaN,0.2990416279087
20260312,3,146,2.9,1,untuned,NaN,0.410047319862426
20260312,3,147,2.92,1,untuned,NaN,0.183668307713134
20260312,3,148,2.94,1,untuned,NaN,0.0919832659008316
20260312,3,149,2.96,0,not_responsive,NaN,0
20260312,3,150,2.98,1,untuned,NaN,0.449986120774443
20260312,3,151,3,0,not_responsive,NaN,0
20260312,3,152,3.02,0,not_responsive,NaN,0
20260312,3,153,3.04,1,untuned,NaN,0.104457067438115
20260312,3,154,3.06,1,untuned,NaN,0.369087181611427
20260312,3,155,3.08,1,untuned,NaN,0.282675194068837
20260312,3,156,3.1,1,untuned,NaN,0.473096852196412
20260312,3,157,3.12,1,untuned,NaN,0.404721399325663
20260312,3,158,3.14,1,complex,NaN,0.523172517554961
20260312,3,159,3.16,1,untuned,NaN,0.302087649247067
20260312,3,160,3.18,1,untuned,NaN,0.375507503538065
20260312,3,161,3.2,1,untuned,NaN,0.362257152431728
20260312,3,162,3.22,1,untuned,NaN,0.202609913912207
20260312,3,163,3.24,1,untuned,NaN,0.299515259654022
20260312,3,164,3.26,1,untuned,NaN,0.358929586019953
20260312,3,165,3.28,1,untuned,NaN,0.263563367766305
20260312,3,166,3.3,1,untuned,NaN,0.138967055117544
20260312,3,167,3.32,1,untuned,NaN,0.282118092482522
20260312,3,168,3.34,1,untuned,NaN,0.442556185475041
20260312,3,169,3.36,1,untuned,NaN,0.313737475961489
20260312,3,170,3.38,1,untuned,NaN,0.23824152977884
20260312,3,171,3.4,1,untuned,NaN,0.532894193197966
20260312,3,172,3.42,1,untuned,NaN,0.599457238147516
20260312,3,173,3.44,0,not_responsive,NaN,0
20260312,3,174,3.46,1,untuned,NaN,0.424589080781789
20260312,3,175,3.48,1,untuned,NaN,0.259267853614942
20260312,3,176,3.5,1,complex,NaN,0.168126149948632
20260312,3,177,3.52,1,untuned,NaN,0.296170944663195
20260312,3,178,3.54,1,untuned,NaN,0.200686599022769
20260312,3,179,3.56,0,not_responsive,NaN,0
20260312,3,180,3.58,1,untuned,NaN,0.246354186733384
20260312,3,181,3.6,1,untuned,NaN,0.0389277550935352
20260312,3,182,3.62,1,untuned,NaN,0.135831623576401
20260312,3,183,3.64,0,not_responsive,NaN,0
20260312,3,184,3.66,1,untuned,NaN,0.199792785652273
20260312,3,185,3.68,1,untuned,NaN,0.210345057668927
20260312,3,186,3.7,1,untuned,NaN,0.434305410924229
20260312,3,187,3.72,1,untuned,NaN,0.555220908012754
20260312,3,188,3.74,1,untuned,NaN,0.3879454483633
20260312,3,189,3.76,1,directional,317.161013864264,0.672741313471709
20260312,3,190,3.78,1,directional,324.619405843339,0.653912454388862
20260312,3,191,3.8,1,untuned,NaN,0.553127875157986
20260312,3,192,3.82,1,untuned,NaN,0.537017257702629
20260312,3,193,3.84,1,directional,148.483974564784,0.1786072827596
20260312,3,194,3.86,1,directional,150.845224917269,0.208502561394245
20260312,3,195,3.88,1,directional,146.870725032059,0.247584138948229
20260312,3,196,3.9,1,directional,154.422657888089,0.235830212193287
20260312,3,197,3.92,1,directional,158.90470465609,0.247416806172346
20260312,3,198,3.94,1,directional,157.031787226144,0.247940614970951
20260312,3,199,3.96,1,directional,156.378717682678,0.258021690620679
20260312,3,200,3.98,1,directional,159.492052026912,0.239519554278329
20260312,3,201,4,1,directional,147.750743085495,0.266653358831091
20260312,3,202,4.02,1,directional,143.646385458081,0.270430226938
20260312,3,203,4.04,1,directional,152.699868117687,0.225676370233461
20260312,3,204,4.06,1,directional,161.605481808263,0.181822391111992
20260312,3,205,4.08,1,directional,138.474671939033,0.256852050415868
20260312,3,206,4.1,1,directional,142.68308314754,0.229999697404872
20260312,3,207,4.12,1,directional,141.468297284392,0.252005145417866
20260312,3,208,4.14,1,directional,156.455663536916,0.342160013273841
20260312,3,209,4.16,1,directional,144.205753276823,0.274608301433278
20260312,3,210,4.18,1,directional,144.053127429681,0.324058323084535
20260312,3,211,4.2,1,directional,139.485689204882,0.319570906199153
20260312,3,212,4.22,1,directional,134.80747962045,0.287803568922212
20260312,3,213,4.24,1,untuned,NaN,0.193358092445363
20260312,3,214,4.26,1,directional,133.819847273155,0.269293109880287
20260312,3,215,4.28,1,directional,151.228230619533,0.247123878333278
20260312,3,216,4.3,1,directional,139.798605159748,0.312777955674142
20260312,3,217,4.32,1,directional,133.212496715729,0.261796444450125
20260312,3,218,4.34,1,directional,128.720152090655,0.306402947826684
20260312,3,219,4.36,1,directional,128.551383124224,0.400691859564018
20260312,3,220,4.38,1,directional,140.483251415227,0.382680588286719
20260312,3,221,4.4,1,directional,140.114248381325,0.349126961232255
20260312,3,222,4.42,1,directional,124.882789411235,0.33429202394294
20260312,3,223,4.44,1,directional,133.373877233881,0.278202329953577
20260312,3,224,4.46,1,directional,121.451992214566,0.250097071105358
20260312,3,225,4.48,1,untuned,NaN,0.204980239009503
20260312,3,226,4.5,1,untuned,NaN,0.197558580206464
20260312,3,227,4.52,1,directional,149.643517783514,0.267734255988726
20260312,3,228,4.54,1,directional,144.624997282462,0.243430268195838
20260312,3,229,4.56,1,untuned,NaN,0.108238485867245
20260312,3,230,4.58,1,untuned,NaN,0.244880751183102
20260312,3,231,4.6,1,directional,132.945066254056,0.239632431576447
20260312,3,232,4.62,1,directional,124.090658219471,0.331517678697267
20260312,3,233,4.64,1,directional,141.514847440492,0.34862423508185
20260312,3,234,4.66,1,directional,135.531209493196,0.352419468752257
20260312,3,235,4.68,1,directional,127.577126249733,0.318757497650953
20260312,3,236,4.7,1,directional,115.242933414518,0.385617130613143
20260312,3,237,4.72,1,directional,119.855926067264,0.343355590339118
20260312,3,238,4.74,1,directional,115.863582150392,0.327556830238694
20260312,3,239,4.76,1,directional,117.329526494854,0.217813156989296
20260312,3,240,4.78,1,directional,117.191032842415,0.308163590459714
20260312,3,241,4.8,1,directional,143.616723711031,0.373948528222329
20260312,3,242,4.82,1,complex,NaN,0.272764830445652
20260312,3,243,4.84,1,directional,125.984373916984,0.385981117810551
20260312,3,244,4.86,1,directional,117.924625483739,0.33915415614739
20260312,3,245,4.88,1,directional,119.450908452998,0.350104398432589
20260312,3,246,4.9,1,directional,125.571877745781,0.403736204267432
20260312,3,247,4.92,1,directional,129.222421389702,0.477138748045024
20260312,3,248,4.94,1,directional,134.970490968189,0.420510414107752
20260312,3,249,4.96,1,directional,111.159523825485,0.523324613578027
20260312,3,250,4.98,1,directional,116.540316552341,0.481183264311738
20260312,3,251,5,1,untuned,NaN,0.343413013087393
20260312,3,252,5.02,1,directional,110.612961200093,0.608525136530579
20260312,3,253,5.04,1,directional,103.686999569071,0.440557462701526
20260312,3,254,5.06,1,directional,130.649785834824,0.403073324903377
20260312,3,255,5.08,1,directional,120.19027694086,0.45421731138721
20260312,3,256,5.1,1,directional,111.692224389129,0.48707042612859
20260312,3,257,5.12,1,directional,109.201160920249,0.345457021625004
20260312,3,258,5.14,1,untuned,NaN,0.215249756028465
20260312,3,259,5.16,1,untuned,NaN,0.18681001427337
20260312,3,260,5.18,1,complex,NaN,0.0630504254380307
20260312,3,261,5.2,1,untuned,NaN,0.275409829138819
20260312,3,262,5.22,1,untuned,NaN,0.392566620942706
20260312,3,263,5.24,1,directional,107.787615290359,0.408699111197124
20260312,3,264,5.26,1,complex,NaN,0.275641180420903
20260312,3,265,5.28,1,complex,NaN,0.174045375747005
20260312,3,266,5.3,1,untuned,NaN,0.193084704798894
20260312,3,267,5.32,1,directional,87.9849272848597,0.381719495101387
20260312,3,268,5.34,1,directional,105.208075499351,0.409716662577477
20260312,3,269,5.36,1,directional,104.695161685217,0.548192155394946
20260312,3,270,5.38,1,directional,94.911760849459,0.513845583362676
20260312,3,271,5.4,1,directional,113.184003450887,0.453602205608942
20260312,3,272,5.42,1,directional,102.972848799315,0.493689505098482
20260312,3,273,5.44,1,directional,101.443154235096,0.606307625161223
20260312,3,274,5.46,1,directional,100.619479138525,0.547748430191126
20260312,3,275,5.48,1,directional,93.9547684536481,0.514173286446458
20260312,3,276,5.5,1,directional,92.4147413321716,0.513803924219626
20260312,3,277,5.52,1,directional,85.9676192531725,0.495611745992389
20260312,3,278,5.54,1,directional,82.0203541225962,0.544667187654783
20260312,3,279,5.56,1,directional,81.5005276851991,0.439725507190894
20260312,3,280,5.58,1,directional,62.0081348925415,0.399925360808844
20260312,3,281,5.6,1,untuned,NaN,0.294043339206154
20260312,3,282,5.62,0,not_responsive,NaN,0
20260312,3,283,5.64,1,untuned,NaN,0.341524892978424
20260312,3,284,5.66,1,untuned,NaN,1
20260312,3,285,5.68,1,untuned,NaN,0.905594391582355
20260312,3,286,5.7,1,untuned,NaN,0.725179542804836
20260312,3,287,5.72,1,complex,NaN,0.710541498069123
20260312,3,288,5.74,1,untuned,NaN,0.275449990895909
20260312,3,289,5.76,1,untuned,NaN,0.126669300214826
20260312,3,290,5.78,1,untuned,NaN,0.317404676612876
20260312,3,291,5.8,1,untuned,NaN,0.228084039192055
20260312,3,292,5.82,1,untuned,NaN,0.265967140873728
20260312,3,293,5.84,1,complex,NaN,0.172475835335675
20260312,3,294,5.86,1,complex,NaN,0.233384305426417
20260312,3,295,5.88,1,complex,NaN,0.437294407754103
20260312,3,296,5.9,1,untuned,NaN,0.467745165565998
20260312,3,297,5.92,1,untuned,NaN,0.311999926952482
20260312,3,298,5.94,1,untuned,NaN,0.334051599866224
20260312,3,299,5.96,1,untuned,NaN,0.324800518850718
20260312,3,300,5.98,1,directional,340.735951496466,0.277025365735277
20260312,3,301,6,1,untuned,NaN,0.132218154985387
20260312,3,302,6.02,1,untuned,NaN,0.192871718513434
20260312,3,303,6.04,1,untuned,NaN,0.058804026853891
20260312,3,304,6.06,1,untuned,NaN,0.128197847636435
20260312,3,305,6.08,1,untuned,NaN,0.12135870276666
20260312,3,306,6.1,1,untuned,NaN,0.469215444183064
20260312,3,307,6.12,1,untuned,NaN,0.598299250399712
20260312,3,308,6.14,1,untuned,NaN,0.197392357267544
20260312,3,309,6.16,1,complex,NaN,0.262155676534705
20260312,3,310,6.18,1,untuned,NaN,0.326305028018555
20260312,3,311,6.2,1,untuned,NaN,0.335426413855447
20260312,3,312,6.22,1,directional,100.084190847488,0.311090096107726
20260312,3,313,6.24,1,directional,118.296241016258,0.372484992526098
20260312,3,314,6.26,0,not_responsive,NaN,0
20260312,3,315,6.28,1,complex,NaN,0.310069003648396
20260312,3,316,6.3,0,not_responsive,NaN,0
20260312,3,317,6.32,1,untuned,NaN,0.127212062002355
20260312,3,318,6.34,1,complex,NaN,0.120911003039043
20260312,3,319,6.36,1,complex,NaN,0.164418882721976
20260312,3,320,6.38,1,complex,NaN,0.109918261158112
20260312,3,321,6.4,1,complex,NaN,0.00920322441142762
20260312,3,322,6.42,1,untuned,NaN,0.0907237852332635
20260312,3,323,6.44,1,untuned,NaN,0.231531009305379
20260312,3,324,6.46,1,directional,18.4963871999589,0.926139637594104
20260312,3,325,6.48,1,untuned,NaN,0.856033117580654
20260312,3,326,6.5,1,untuned,NaN,0.164301494342075
20260312,3,327,6.52,1,untuned,NaN,0.186221451725139
20260312,3,328,6.54,1,untuned,NaN,0.134392465776374
20260312,3,329,6.56,1,untuned,NaN,0.111837280806793
20260312,3,330,6.58,1,untuned,NaN,0.0706354260375831
20260312,3,331,6.6,1,untuned,NaN,0.0289122078116753
20260312,3,332,6.62,1,untuned,NaN,0.0494704881602528
20260312,3,333,6.64,1,untuned,NaN,0.369639254120083
20260312,3,334,6.66,1,complex,NaN,0.541352791251827
20260312,3,335,6.68,1,untuned,NaN,0.327361724239895
20260312,3,336,6.7,1,untuned,NaN,0.711498737158536
20260312,3,337,6.72,1,untuned,NaN,0.641746334617406
20260312,3,338,6.74,1,untuned,NaN,0.542210598898846
20260312,3,339,6.76,1,untuned,NaN,0.100841293239984
20260312,3,340,6.78,1,untuned,NaN,0.165841376644475
20260312,3,341,6.8,1,untuned,NaN,0.116105346129972
20260312,3,342,6.82,1,untuned,NaN,0.157209314755218
20260312,3,343,6.84,1,untuned,NaN,0.220997043662216
20260312,3,344,6.86,1,directional,30.7277370618863,0.346559969266758
20260312,3,345,6.88,1,directional,26.113904176593,0.451994666981112
20260312,3,346,6.9,1,untuned,NaN,0.322235899758313
20260312,3,347,6.92,1,untuned,NaN,0.196230382832041
20260312,3,348,6.94,1,complex,NaN,0.417710418956094
20260312,3,349,6.96,1,directional,43.8218352129511,0.366020839173719
20260312,3,350,6.98,1,directional,72.877599471572,0.407856761551431
20260312,3,351,7,1,complex,NaN,0.344419237098669
20260312,3,352,7.02,1,untuned,NaN,0.0723110216134286
20260312,3,353,7.04,1,untuned,NaN,0.599581333110121
20260312,3,354,7.06,1,untuned,NaN,0.277315838703533
20260312,3,355,7.08,1,untuned,NaN,0.268043569338746
20260312,3,356,7.1,1,directional,33.00523173353,0.58538454791262
20260312,3,357,7.12,1,untuned,NaN,0.372757855878078
20260312,3,358,7.14,1,untuned,NaN,0.119099236763912
20260312,3,359,7.16,1,untuned,NaN,0.220006706842719
20260312,3,360,7.18,1,untuned,NaN,0.335941560776366
20260312,3,361,7.2,1,untuned,NaN,0.487514482482482
20260312,3,362,7.22,1,untuned,NaN,0.231957877316854
20260312,3,363,7.24,1,untuned,NaN,0.275680702183308
20260312,3,364,7.26,1,untuned,NaN,0.435027695982661
20260312,3,365,7.28,0,not_responsive,NaN,0
20260312,3,366,7.3,1,untuned,NaN,0.30150291229832
20260312,3,367,7.32,1,untuned,NaN,0.303284134901076
20260312,3,368,7.34,1,untuned,NaN,0.0888587748195456
20260312,3,369,7.36,1,untuned,NaN,0.593615662657748
20260312,3,370,7.38,1,complex,NaN,0.78307629646729
20260312,3,371,7.4,1,untuned,NaN,0.0739319062322765
20260312,3,372,7.42,1,untuned,NaN,0.303612426704189
20260312,3,373,7.44,1,untuned,NaN,0.206755239515558
20260312,3,374,7.46,1,directional,351.656346494703,0.227885140177924
20260312,3,375,7.48,1,untuned,NaN,0.176712712820881
20260312,3,376,7.5,1,untuned,NaN,0.0873908816343278
20260312,3,377,7.52,1,untuned,NaN,0.588739044950734
20260312,3,378,7.54,1,untuned,NaN,0.308445486855045
20260312,3,379,7.56,1,untuned,NaN,0.269975609343336
20260312,3,380,7.58,1,untuned,NaN,0.266824328762125
20260312,3,381,7.6,1,directional,340.053748389718,0.830683309110385
20260312,3,382,7.62,1,directional,333.823314741562,0.612005003276389
20260312,3,383,7.64,1,directional,328.34874627783,0.752516305207132
20260312,3,384,7.66,1,untuned,NaN,0.334307450873673
20260317,3,1,0,1,untuned,NaN,0.291128354851059
20260317,3,2,0.04,1,untuned,NaN,0.171790288148049
20260317,3,3,0.08,1,untuned,NaN,0.35093993951694
20260317,3,4,0.12,1,directional,159.652048438492,0.391899916357441
20260317,3,5,0.16,1,untuned,NaN,0.241012562938033
20260317,3,6,0.2,1,untuned,NaN,0.250843007632307
20260317,3,7,0.24,1,untuned,NaN,0.245379160774659
20260317,3,8,0.28,0,not_responsive,NaN,0
20260317,3,9,0.32,1,complex,NaN,0.278323805247591
20260317,3,10,0.36,1,untuned,NaN,0.346919997054668
20260317,3,11,0.4,1,untuned,NaN,0.128647948941908
20260317,3,12,0.44,1,untuned,NaN,0.352576752396368
20260317,3,13,0.48,1,untuned,NaN,0.234071649177849
20260317,3,14,0.52,1,untuned,NaN,0.410182256535279
20260317,3,15,0.56,1,untuned,NaN,0.218150710722966
20260317,3,16,0.6,1,untuned,NaN,0.0790698583721611
20260317,3,17,0.64,0,not_responsive,NaN,0
20260317,3,18,0.68,1,untuned,NaN,0.232943800595818
20260317,3,19,0.72,1,untuned,NaN,0.244303887797416
20260317,3,20,0.76,0,not_responsive,NaN,0
20260317,3,21,0.8,1,untuned,NaN,0.353085247036975
20260317,3,22,0.84,0,not_responsive,NaN,0
20260317,3,23,0.88,1,untuned,NaN,0.565684336905444
20260317,3,24,0.92,0,not_responsive,NaN,0
20260317,3,25,0.96,0,not_responsive,NaN,0
20260317,3,26,1,1,untuned,NaN,0.441521713641325
20260317,3,27,1.04,0,not_responsive,NaN,0
20260317,3,28,1.08,0,not_responsive,NaN,0
20260317,3,29,1.12,0,not_responsive,NaN,0
20260317,3,30,1.16,1,untuned,NaN,0.157603870443672
20260317,3,31,1.24,0,not_responsive,NaN,0
20260317,3,32,1.28,0,not_responsive,NaN,0
20260317,3,33,1.32,0,not_responsive,NaN,0
20260317,3,34,1.36,0,not_responsive,NaN,0
20260317,3,35,1.4,1,untuned,NaN,0.38620609195647
20260317,3,36,1.44,0,not_responsive,NaN,0
20260317,3,37,1.48,1,directional,129.837940997283,0.602491399834583
20260317,3,38,1.52,0,not_responsive,NaN,0
20260317,3,39,1.56,0,not_responsive,NaN,0
20260317,3,40,1.6,1,untuned,NaN,0.359392689404371
20260317,3,41,1.64,1,untuned,NaN,0.492313762921374
20260317,3,42,1.68,0,not_responsive,NaN,0
20260317,3,43,1.72,0,not_responsive,NaN,0
20260317,3,44,1.76,0,not_responsive,NaN,0
20260317,3,45,1.8,0,not_responsive,NaN,0
20260317,3,46,1.84,0,not_responsive,NaN,0
20260317,3,47,1.88,0,not_responsive,NaN,0
20260317,3,48,1.92,0,not_responsive,NaN,0
20260317,3,49,1.96,0,not_responsive,NaN,0
20260317,3,50,2,1,untuned,NaN,0.510569519640628
20260317,3,51,2.04,1,complex,NaN,0.476647242289255
20260317,3,52,2.08,0,not_responsive,NaN,0
20260317,3,53,2.12,1,untuned,NaN,0.459649201889604
20260317,3,54,2.16,0,not_responsive,NaN,0
20260317,3,55,2.2,1,untuned,NaN,0.56112327544627
20260317,3,56,2.24,0,not_responsive,NaN,0
20260317,3,57,2.28,1,untuned,NaN,0.478386785829994
20260317,3,58,2.32,1,untuned,NaN,0.180404432546522
20260317,3,59,2.36,1,untuned,NaN,0.220385003399768
20260317,3,60,2.4,0,not_responsive,NaN,0
20260317,3,61,2.44,0,not_responsive,NaN,0
20260317,3,62,2.48,0,not_responsive,NaN,0
20260317,3,63,2.52,1,untuned,NaN,0.323044893262745
20260317,3,64,2.56,0,not_responsive,NaN,0
20260317,3,65,2.6,1,untuned,NaN,0.449865707223075
20260317,3,66,2.64,1,untuned,NaN,0.140197946021238
20260317,3,67,2.68,0,not_responsive,NaN,0
20260317,3,68,2.72,1,untuned,NaN,0.142462957206581
20260317,3,69,2.76,1,untuned,NaN,0.23640278840147
20260317,3,70,2.8,0,not_responsive,NaN,0
20260317,3,71,2.84,0,not_responsive,NaN,0
20260317,3,72,2.88,1,untuned,NaN,0.330413888014392
20260317,3,73,2.92,0,not_responsive,NaN,0
20260317,3,74,2.96,1,untuned,NaN,0.186874702627453
20260317,3,75,3,1,untuned,NaN,0.152847635066025
20260317,3,76,3.04,1,untuned,NaN,0.191113227060783
20260317,3,77,3.08,0,not_responsive,NaN,0
20260317,3,78,3.12,0,not_responsive,NaN,0
20260317,3,79,3.16,1,untuned,NaN,0.312737451321365
20260317,3,80,3.2,1,untuned,NaN,0.45358441360203
20260317,3,81,3.24,0,not_responsive,NaN,0
20260317,3,82,3.28,0,not_responsive,NaN,0
20260317,3,83,3.32,0,not_responsive,NaN,0
20260317,3,84,3.36,1,untuned,NaN,0.142525763949646
20260317,3,85,3.4,1,untuned,NaN,0.111215126792495
20260317,3,86,3.44,1,untuned,NaN,0.118281157080633
20260317,3,87,3.48,1,untuned,NaN,0.232964942886908
20260317,3,88,3.52,0,not_responsive,NaN,0
20260317,3,89,3.56,1,untuned,NaN,0.37775368020738
20260317,3,90,3.6,1,untuned,NaN,0.167051249583928
20260317,3,91,3.64,1,untuned,NaN,0.149330216529746
20260317,3,92,3.68,1,untuned,NaN,0.448427494314433
20260317,3,93,3.72,1,untuned,NaN,0.433855692785197
20260317,3,94,3.76,1,directional,176.442623233096,0.518960276544691
20260317,3,95,3.8,1,untuned,NaN,0.482161010767888
20260317,3,96,3.84,1,untuned,NaN,0.348810478751768
20260317,3,97,3.88,1,untuned,NaN,0.371109152523829
20260317,3,98,3.92,0,not_responsive,NaN,0
20260317,3,99,3.96,1,directional,115.917997196601,0.559659995106519
20260317,3,100,4,0,not_responsive,NaN,0
20260317,3,101,4.04,1,untuned,NaN,0.360399098890057
20260317,3,102,4.08,0,not_responsive,NaN,0
20260317,3,103,4.14,1,untuned,NaN,0.276651652859942
20260317,3,104,4.18,1,untuned,NaN,0.238047883115387
20260317,3,105,4.22,0,not_responsive,NaN,0
20260317,3,106,4.26,1,untuned,NaN,0.198746494496431
20260317,3,107,4.3,0,not_responsive,NaN,0
20260317,3,108,4.34,0,not_responsive,NaN,0
20260317,3,109,4.38,0,not_responsive,NaN,0
20260317,3,110,4.42,1,untuned,NaN,0.265802990556909
20260317,3,111,4.46,0,not_responsive,NaN,0
20260317,3,112,4.5,1,untuned,NaN,0.433570415349817
20260317,3,113,4.54,0,not_responsive,NaN,0
20260317,3,114,4.58,1,untuned,NaN,0.239409370199351
20260317,3,115,4.62,1,directional,167.137850251864,0.725157691333267
20260317,3,116,4.66,1,untuned,NaN,0.360823693153776
20260317,3,117,4.7,0,not_responsive,NaN,0
20260317,3,118,4.74,1,untuned,NaN,0.208329504418475
20260317,3,119,4.78,0,not_responsive,NaN,0
20260317,3,120,4.82,1,untuned,NaN,0.209375473870157
20260317,3,121,4.86,0,not_responsive,NaN,0
20260317,3,122,4.9,1,untuned,NaN,0.15144544325961
20260317,3,123,4.94,1,untuned,NaN,0.0926641042236002
20260317,3,124,4.98,0,not_responsive,NaN,0
20260317,3,125,5.02,1,directional,163.451037106447,0.654731957501057
20260317,3,126,5.06,1,untuned,NaN,0.417933750115183
20260317,3,127,5.1,1,untuned,NaN,0.0641980106887642
20260317,3,128,5.14,1,untuned,NaN,0.145761467104657
20260317,3,129,5.18,1,untuned,NaN,0.125651047624757
20260317,3,130,5.22,1,untuned,NaN,0.42900820957234
20260317,3,131,5.26,0,not_responsive,NaN,0
20260317,3,132,5.3,0,not_responsive,NaN,0
20260317,3,133,5.34,0,not_responsive,NaN,0
20260317,3,134,5.38,0,not_responsive,NaN,0
20260317,3,135,5.42,1,untuned,NaN,0.47276054772154
20260317,3,136,5.46,0,not_responsive,NaN,0
20260317,3,137,5.5,0,not_responsive,NaN,0
20260317,3,138,5.54,0,not_responsive,NaN,0
20260317,3,139,5.58,0,not_responsive,NaN,0
20260317,3,140,5.62,1,untuned,NaN,0.195517691937367
20260317,3,141,5.66,1,untuned,NaN,0.155998835592181
20260317,3,142,5.7,1,untuned,NaN,0.238442886509597
20260317,3,143,5.74,0,not_responsive,NaN,0
20260317,3,144,5.78,1,untuned,NaN,0.457004029201009
20260317,3,145,5.82,1,untuned,NaN,0.220179249912307
20260317,3,146,5.86,1,untuned,NaN,0.473488982745853
20260317,3,147,5.9,0,not_responsive,NaN,0
20260317,3,148,5.94,1,untuned,NaN,0.551244837539252
20260317,3,149,5.98,1,untuned,NaN,0.0552524195869969
20260317,3,150,6.02,1,untuned,NaN,0.448572170643454
20260317,3,151,6.06,1,untuned,NaN,0.393402113025596
20260317,3,152,6.1,1,untuned,NaN,0.33950453221647
20260317,3,153,6.14,0,not_responsive,NaN,0
20260317,3,154,6.18,1,untuned,NaN,0.211441382149932
20260317,3,155,6.22,1,untuned,NaN,0.335728993961152
20260317,3,156,6.26,0,not_responsive,NaN,0
20260317,3,157,6.3,0,not_responsive,NaN,0
20260317,3,158,6.34,0,not_responsive,NaN,0
20260317,3,159,6.38,0,not_responsive,NaN,0
20260317,3,160,6.42,0,not_responsive,NaN,0
20260317,3,161,6.46,0,not_responsive,NaN,0
20260317,3,162,6.5,0,not_responsive,NaN,0
20260317,3,163,6.54,1,untuned,NaN,0.158600567956012
20260317,3,164,6.58,0,not_responsive,NaN,0
20260317,3,165,6.62,0,not_responsive,NaN,0
20260317,3,166,6.66,1,untuned,NaN,0.34241817248283
20260317,3,167,6.7,0,not_responsive,NaN,0
20260317,3,168,6.74,0,not_responsive,NaN,0
20260317,3,169,6.78,1,untuned,NaN,0.168885693677898
20260317,3,170,6.82,1,untuned,NaN,0.23792909727185
20260317,3,171,6.86,1,untuned,NaN,0.0482072259965314
20260317,3,172,6.9,1,untuned,NaN,0.204106917056587
20260317,3,173,6.94,1,untuned,NaN,0.159458894610273
20260317,3,174,6.98,1,untuned,NaN,0.136939027136782
20260317,3,175,7.02,1,directional,248.853767595038,0.36521398482059
20260317,3,176,7.06,1,untuned,NaN,0.368686402916998
20260317,3,177,7.1,1,directional,273.206005602533,0.694448481815817
20260317,3,178,7.14,0,not_responsive,NaN,0
20260317,3,179,7.18,1,untuned,NaN,0.0091726883505423
20260317,3,180,7.22,1,untuned,NaN,0.155932755172548
20260317,3,181,7.26,1,directional,164.53685334298,0.750563779625423
20260317,3,182,7.3,1,directional,154.87795919957,0.584137714715069
20260317,3,183,7.34,1,directional,245.720655621916,0.416592680913139
20260317,3,184,7.38,1,untuned,NaN,0.211850904758485
20260317,3,185,7.42,1,untuned,NaN,0.404577916108499
20260317,3,186,7.46,1,untuned,NaN,0.162900234098312
20260317,3,187,7.5,1,untuned,NaN,0.262724816605328
20260317,3,188,7.54,1,untuned,NaN,0.381408508586306
20260317,3,189,7.58,1,untuned,NaN,0.452657818441518
20260317,3,190,7.62,1,untuned,NaN,0.421019274577938
20260317,3,191,7.66,1,untuned,NaN,0.366850308886179
20260317,3,192,7.7,1,untuned,NaN,0.15010263179854
20260317,3,193,7.74,1,untuned,NaN,0.160967980349158
20260317,3,194,7.78,1,untuned,NaN,0.258504861531048
20260317,3,195,7.82,1,untuned,NaN,0.0892007501896671
20260317,3,196,7.86,1,untuned,NaN,0.0460218503559146
20260317,3,197,7.9,1,untuned,NaN,0.0337240865721779
20260317,3,198,7.94,1,untuned,NaN,0.109199643705037
20260317,3,199,8,1,untuned,NaN,0.303447212242921
20260317,3,200,8.04,1,untuned,NaN,0.222426539805123
20260317,3,201,8.08,1,directional,35.70953470509,0.373051747075901
20260317,3,202,8.12,1,untuned,NaN,0.162389463026744
20260317,3,203,8.16,1,untuned,NaN,0.0999954244884542
20260317,3,204,8.2,1,untuned,NaN,0.135794939487696
20260317,3,205,8.24,0,not_responsive,NaN,0
20260317,3,206,8.28,1,untuned,NaN,0.170115687472269
20260317,3,207,8.32,1,untuned,NaN,0.360269228836145
20260317,3,208,8.36,1,untuned,NaN,0.167042744886964
20260317,3,209,8.4,1,untuned,NaN,0.049522502188232
20260317,3,210,8.44,1,untuned,NaN,0.0722819823375903
20260317,3,211,8.48,1,directional,348.130769855722,0.352070318839725
20260317,3,212,8.52,1,untuned,NaN,0.368340844056639
20260317,3,213,8.56,1,untuned,NaN,0.322997668797251
20260317,3,214,8.6,1,untuned,NaN,0.26380283816132
20260317,3,215,8.64,1,untuned,NaN,0.1113323855481
20260317,3,216,8.68,1,untuned,NaN,0.154599041230079
20260317,3,217,8.72,1,complex,NaN,0.241726970791358
20260317,3,218,8.76,1,untuned,NaN,0.082945998455142
20260317,3,219,8.8,1,untuned,NaN,0.0781092687717029
20260317,3,220,8.84,1,directional,255.28743522521,0.243800736388662
20260317,3,221,8.88,1,untuned,NaN,0.0968161673845205
20260317,3,222,14.96,1,untuned,NaN,0.244123962190304
20260317,3,223,15,1,untuned,NaN,0.249196343478042
20260317,3,224,15.04,1,untuned,NaN,0.0451824033603722
20260317,3,225,15.08,1,untuned,NaN,0.271402137051904
20260317,3,226,15.16,1,untuned,NaN,0.111852752367834
20260317,3,227,15.2,1,untuned,NaN,0.519478431979688
20260317,3,228,15.24,1,untuned,NaN,0.219933467467537
20260317,3,229,15.28,1,untuned,NaN,0.164045500438308
20260317,3,230,15.32,1,untuned,NaN,0.175123625151768
20260317,3,231,15.64,0,not_responsive,NaN,0
20260317,3,232,15.78,1,untuned,NaN,0.427522119412756
20260317,3,233,15.82,1,untuned,NaN,0.127844241981536
20260317,3,234,15.86,1,directional,259.502352422761,0.394334092825961
20260317,3,235,15.9,0,not_responsive,NaN,0
20260317,3,236,15.94,1,untuned,NaN,0.293936868642889
20260317,3,237,15.98,1,untuned,NaN,0.181751744882042
20260317,3,238,16.02,1,untuned,NaN,0.0245220569056505
20260317,3,239,16.06,1,untuned,NaN,0.928542237580672
20260317,3,240,16.1,0,not_responsive,NaN,0
20260317,3,241,16.14,0,not_responsive,NaN,0
20260317,3,242,16.18,0,not_responsive,NaN,0
20260317,3,243,16.22,1,untuned,NaN,0.100492244365661
20260317,3,244,16.56,0,not_responsive,NaN,0
20260317,3,245,16.6,0,not_responsive,NaN,0
20260317,3,246,16.64,1,untuned,NaN,0.285987593782296
20260317,3,247,16.68,0,not_responsive,NaN,0
20260317,3,248,16.72,1,untuned,NaN,0.215165129943626
20260317,3,249,16.76,1,untuned,NaN,0.541823489532698
20260317,3,250,16.8,1,untuned,NaN,0.178470261345263
20260317,3,251,16.84,1,untuned,NaN,0.363491174288451
20260317,3,252,16.88,1,untuned,NaN,0.128458731780274
20260317,3,253,16.92,0,not_responsive,NaN,0
20260317,3,254,16.96,0,not_responsive,NaN,0
20260317,3,255,17,1,untuned,NaN,0.447039807645558
20260317,3,256,17.04,1,untuned,NaN,0.511912399936523
20260317,3,257,17.08,0,not_responsive,NaN,0
20260317,3,258,17.12,1,directional,158.121873835158,0.497460439476159
20260317,3,259,17.16,0,not_responsive,NaN,0
20260317,3,260,17.2,0,not_responsive,NaN,0
20260317,3,261,17.24,0,not_responsive,NaN,0
20260317,3,262,17.28,0,not_responsive,NaN,0
20260317,3,263,17.32,0,not_responsive,NaN,0
20260317,3,264,17.36,1,directional,133.266133732957,0.385601998027379
20260317,3,265,17.4,1,untuned,NaN,0.198747247704713
20260317,3,266,17.44,0,not_responsive,NaN,0
20260317,3,267,17.48,1,untuned,NaN,0.0840045892641552
20260317,3,268,17.52,0,not_responsive,NaN,0
20260317,3,269,17.56,0,not_responsive,NaN,0
20260317,3,270,17.6,1,untuned,NaN,0.0961128918290911
20260317,3,271,17.64,0,not_responsive,NaN,0
20260317,3,272,17.68,1,untuned,NaN,0.267252567000582
20260317,3,273,17.72,0,not_responsive,NaN,0
20260317,3,274,17.76,0,not_responsive,NaN,0
20260317,3,275,17.8,1,untuned,NaN,0.399126465935963
20260317,3,276,17.84,1,untuned,NaN,0.0184558681905458
20260317,3,277,17.88,1,untuned,NaN,0.223669605671259
20260317,3,278,17.92,1,untuned,NaN,0.110508935146387
20260317,3,279,17.96,1,untuned,NaN,0.163542199859879
20260317,3,280,18,0,not_responsive,NaN,0
20260317,3,281,18.04,1,untuned,NaN,0.429709744634353
20260317,3,282,18.08,0,not_responsive,NaN,0
20260317,3,283,18.12,1,untuned,NaN,0.434884066923801
20260317,3,284,18.16,0,not_responsive,NaN,0
20260317,3,285,18.2,1,untuned,NaN,0.108791642957369
20260317,3,286,18.24,1,untuned,NaN,0.271557831332321
20260317,3,287,18.28,0,not_responsive,NaN,0
20260317,3,288,18.32,0,not_responsive,NaN,0
20260317,3,289,18.36,1,untuned,NaN,0.250218236971979
20260317,3,290,18.4,0,not_responsive,NaN,0
20260317,3,291,18.44,1,untuned,NaN,0.325500192192484
20260317,3,292,18.48,0,not_responsive,NaN,0
20260317,3,293,18.52,0,not_responsive,NaN,0
20260317,3,294,18.56,1,untuned,NaN,0.212644539216587
20260317,3,295,18.6,0,not_responsive,NaN,0
20260317,3,296,18.64,1,untuned,NaN,0.163425051656565
20260317,3,297,18.68,1,untuned,NaN,0.0944960659747195
20260317,3,298,18.72,0,not_responsive,NaN,0
20260317,3,299,18.76,1,untuned,NaN,0.120003795699849
20260317,3,300,18.96,1,untuned,NaN,0.341886577759524
20260317,3,301,23.94,1,untuned,NaN,0.273242789771066
20260317,3,302,23.98,1,untuned,NaN,0.234509390132054
20260317,3,303,24.02,1,untuned,NaN,0.267774012094587
20260317,3,304,24.06,1,directional,182.761572093725,0.565705222679123
20260317,3,305,24.1,1,untuned,NaN,0.181792605262486
20260317,3,306,24.14,1,untuned,NaN,0.31399471667422
20260317,3,307,24.18,1,untuned,NaN,0.205866640140463
20260317,3,308,24.22,1,untuned,NaN,0.45826667104131
20260317,3,309,24.26,1,untuned,NaN,0.291889219076171
20260317,3,310,24.3,1,untuned,NaN,0.335447590156807
20260317,3,311,24.34,1,untuned,NaN,0.344177771199415
20260317,3,312,24.38,1,untuned,NaN,0.0644356396619816
20260317,3,313,24.42,1,untuned,NaN,0.238113663221617
20260317,3,314,24.46,1,untuned,NaN,0.213258762062208
20260317,3,315,24.5,1,directional,152.663740566815,0.656586189255704
20260317,3,316,24.54,1,untuned,NaN,0.269518944629218
20260317,3,317,24.58,1,directional,160.295044069892,0.500755636283351
20260317,3,318,24.62,1,untuned,NaN,0.404499974953018
20260317,3,319,24.66,1,untuned,NaN,0.605725428206918
20260317,3,320,24.7,1,untuned,NaN,0.330354643394873
20260317,3,321,24.74,1,untuned,NaN,0.215278558494421
20260317,3,322,24.78,1,untuned,NaN,0.108615568639487
20260317,3,323,24.82,1,untuned,NaN,0.126088014274739
20260317,3,324,24.86,1,untuned,NaN,0.198465748277979
20260317,3,325,24.9,1,untuned,NaN,0.571677434810675
20260317,3,326,24.94,1,untuned,NaN,0.198933903556626
20260317,3,327,24.98,1,untuned,NaN,0.30685432937975
20260317,3,328,25.02,1,untuned,NaN,0.285563335874764
20260317,3,329,25.06,1,untuned,NaN,0.148043839526327
20260317,3,330,25.1,1,untuned,NaN,0.198285108660784
20260317,3,331,25.14,1,untuned,NaN,0.211473732345695
20260317,3,332,25.18,1,untuned,NaN,0.499291420280151
20260317,3,333,25.22,1,untuned,NaN,0.425755265866621
20260317,3,334,25.26,0,not_responsive,NaN,0
20260317,3,335,25.3,1,untuned,NaN,0.51346298555315
20260317,3,336,25.34,1,untuned,NaN,0.457981470705481
20260317,3,337,25.38,1,untuned,NaN,0.219553560007211
20260317,3,338,25.42,1,untuned,NaN,0.2200668277798
20260317,3,339,25.46,1,untuned,NaN,0.108103492756358
20260317,3,340,25.5,1,untuned,NaN,0.248725909369614
20260317,3,341,25.54,1,untuned,NaN,0.302639344923841
20260317,3,342,25.58,1,untuned,NaN,0.484340334919544
20260317,3,343,25.62,1,untuned,NaN,0.21358227734128
20260317,3,344,25.66,1,untuned,NaN,0.14860199160671
20260317,3,345,25.7,1,untuned,NaN,0.221742398447189
20260317,3,346,25.74,1,untuned,NaN,0.392090456006851
20260317,3,347,25.78,1,untuned,NaN,0.290395313570668
20260317,3,348,25.82,1,untuned,NaN,0.125671835321147
20260317,3,349,25.86,1,untuned,NaN,0.273014639779427
20260317,3,350,25.9,1,untuned,NaN,0.528644625086414
20260317,3,351,25.94,1,untuned,NaN,0.382017209307109
20260317,3,352,25.98,1,untuned,NaN,0.421974227939063
20260317,3,353,26.02,1,untuned,NaN,0.571483365826817
20260317,3,354,26.06,1,untuned,NaN,0.506494549467323
20260317,3,355,26.1,1,directional,188.013864022575,0.453151032314132
20260317,3,356,26.14,1,untuned,NaN,0.342374137750682
20260317,3,357,26.18,1,untuned,NaN,0.119579152018493
20260317,3,358,26.22,1,untuned,NaN,0.227546198525915
20260317,3,359,26.26,1,untuned,NaN,0.233793707448559
20260317,3,360,26.3,1,untuned,NaN,0.228885721674399
20260317,3,361,26.34,1,untuned,NaN,0.270671951421084
20260317,3,362,26.38,1,untuned,NaN,0.342193996672034
20260317,3,363,26.42,1,untuned,NaN,0.146493501612
20260317,3,364,26.46,1,untuned,NaN,0.207928639236527
20260317,3,365,26.5,1,untuned,NaN,0.27018916940427
20260317,3,366,26.54,1,untuned,NaN,0.263024976510921
20260317,3,367,26.58,1,untuned,NaN,0.0837182177861153
20260317,3,368,26.62,1,untuned,NaN,0.315592268058238
20260317,3,369,26.66,1,untuned,NaN,0.391709612709018
20260317,3,370,26.7,0,not_responsive,NaN,0
20260317,3,371,26.74,0,not_responsive,NaN,0
20260317,3,372,26.78,0,not_responsive,NaN,0
20260317,3,373,26.82,1,untuned,NaN,0.230062742585524
20260317,3,374,26.86,1,untuned,NaN,0.369462812826375
20260317,3,375,26.9,1,untuned,NaN,0.261715711618494
20260317,3,376,26.94,1,untuned,NaN,0.374741914811846
20260317,3,377,26.98,1,untuned,NaN,0.444756772107733
20260317,3,378,27.02,1,untuned,NaN,0.332769098914589
20260317,3,379,27.06,1,untuned,NaN,0.309402028261388
20260317,3,380,27.1,1,directional,133.892473049436,0.391687912404135
20260317,3,381,27.14,1,untuned,NaN,0.298857376556101
20260317,3,382,27.18,1,directional,125.54075550288,0.382729274303665
20260317,3,383,27.22,1,untuned,NaN,0.252475115003283
20260317,3,384,27.26,1,untuned,NaN,0.313134361897535
20260318,3,1,0.04,1,untuned,NaN,0.177848980629443
20260318,3,2,0.08,1,untuned,NaN,0.265525084522677
20260318,3,3,0.12,1,untuned,NaN,0.182072134441519
20260318,3,4,0.16,1,directional,176.641237753142,0.433180847551038
20260318,3,5,0.2,1,untuned,NaN,0.141268005701351
20260318,3,6,0.24,1,untuned,NaN,0.118959989848528
20260318,3,7,0.28,1,untuned,NaN,0.162039297720474
20260318,3,8,0.32,1,untuned,NaN,1
20260318,3,9,0.36,1,untuned,NaN,0.285702626782646
20260318,3,10,0.4,1,untuned,NaN,0.722387104731175
20260318,3,11,0.44,1,untuned,NaN,0.151268111371887
20260318,3,12,0.48,1,untuned,NaN,0.745231343632588
20260318,3,13,0.52,0,not_responsive,NaN,0
20260318,3,14,0.56,1,untuned,NaN,1
20260318,3,15,0.6,1,untuned,NaN,0.204577606825018
20260318,3,16,0.64,1,directional,176.938824028548,0.479592597176685
20260318,3,17,0.68,0,not_responsive,NaN,0
20260318,3,18,0.72,0,not_responsive,NaN,0
20260318,3,19,0.76,1,untuned,NaN,0
20260318,3,20,0.8,1,untuned,NaN,0.457374350408013
20260318,3,21,0.84,1,untuned,NaN,0
20260318,3,22,0.88,1,untuned,NaN,0.927228121888178
20260318,3,23,0.92,0,not_responsive,NaN,0
20260318,3,24,0.96,0,not_responsive,NaN,0
20260318,3,25,1,0,not_responsive,NaN,0
20260318,3,26,1.04,1,directional,144.811345313342,0.626256498466616
20260318,3,27,1.08,1,untuned,NaN,0.221316059484581
20260318,3,28,1.12,1,untuned,NaN,1
20260318,3,29,1.16,0,not_responsive,NaN,0
20260318,3,30,1.2,1,untuned,NaN,0
20260318,3,31,1.24,1,untuned,NaN,0
20260318,3,32,1.28,1,untuned,NaN,0.845464825164731
20260318,3,33,1.32,0,not_responsive,NaN,0
20260318,3,34,1.36,1,untuned,NaN,1
20260318,3,35,1.4,1,untuned,NaN,0.990185860823575
20260318,3,36,1.44,1,untuned,NaN,0.474039756531844
20260318,3,37,1.48,1,untuned,NaN,0.414439220531607
20260318,3,38,1.52,1,untuned,NaN,0.531657903083599
20260318,3,39,1.56,0,not_responsive,NaN,0
20260318,3,40,1.6,0,not_responsive,NaN,0
20260318,3,41,1.64,0,not_responsive,NaN,0
20260318,3,42,1.68,1,untuned,NaN,0
20260318,3,43,1.72,1,untuned,NaN,0
20260318,3,44,1.76,1,untuned,NaN,0.418450973941884
20260318,3,45,1.8,1,untuned,NaN,0
20260318,3,46,1.84,1,untuned,NaN,0.481645069585111
20260318,3,47,1.88,1,untuned,NaN,1
20260318,3,48,1.92,1,untuned,NaN,0
20260318,3,49,1.96,1,untuned,NaN,0.125538435242653
20260318,3,50,2,1,untuned,NaN,1
20260318,3,51,2.04,1,untuned,NaN,0.684974544785703
20260318,3,52,2.08,1,untuned,NaN,0.341942068345623
20260318,3,53,2.12,0,not_responsive,NaN,0
20260318,3,54,2.16,1,untuned,NaN,0.371507618489986
20260318,3,55,2.2,1,untuned,NaN,0.366433849590274
20260318,3,56,2.24,1,untuned,NaN,0.343664198879773
20260318,3,57,2.28,1,untuned,NaN,0.717133337511292
20260318,3,58,2.32,1,untuned,NaN,0.453698049927922
20260318,3,59,2.36,1,untuned,NaN,0.7676275765454
20260318,3,60,2.4,1,untuned,NaN,0.977701656741153
20260318,3,61,2.44,1,untuned,NaN,0.529197139006704
20260318,3,62,2.48,1,untuned,NaN,0.792385799510059
20260318,3,63,2.52,1,untuned,NaN,0
20260318,3,64,2.56,1,untuned,NaN,0
20260318,3,65,2.6,1,directional,150.850020111842,0.235078027866087
20260318,3,66,2.64,1,untuned,NaN,0
20260318,3,67,2.68,1,untuned,NaN,0
20260318,3,68,2.72,1,untuned,NaN,0
20260318,3,69,2.76,0,not_responsive,NaN,0
20260318,3,70,2.8,1,untuned,NaN,0
20260318,3,71,2.84,1,untuned,NaN,0
20260318,3,72,2.88,1,untuned,NaN,1
20260318,3,73,2.92,1,untuned,NaN,0.492263144927005
20260318,3,74,2.96,1,untuned,NaN,0.57563083205361
20260318,3,75,3,0,not_responsive,NaN,0
20260318,3,76,3.04,1,untuned,NaN,0.13743451120099
20260318,3,77,3.08,1,untuned,NaN,1
20260318,3,78,3.12,1,untuned,NaN,1
20260318,3,79,3.16,1,untuned,NaN,1
20260318,3,80,3.2,1,untuned,NaN,0.200949599870636
20260318,3,81,3.24,1,untuned,NaN,0.227956854210028
20260318,3,82,3.28,1,untuned,NaN,0.158994763132394
20260318,3,83,3.32,1,untuned,NaN,0.162839385251453
20260318,3,84,3.36,1,untuned,NaN,0.318162552708317
20260318,3,85,3.4,1,untuned,NaN,0.151376783773451
20260318,3,86,3.44,1,untuned,NaN,0.110672923646819
20260318,3,87,3.48,1,untuned,NaN,0.137052670312038
20260318,3,88,3.52,1,untuned,NaN,1
20260318,3,89,3.56,1,untuned,NaN,0.202167253190603
20260318,3,90,3.6,1,untuned,NaN,0
20260318,3,91,3.64,1,untuned,NaN,0.247022529108949
20260318,3,92,3.68,1,untuned,NaN,0.0821445762677695
20260318,3,93,3.72,1,untuned,NaN,0.250210624989511
20260318,3,94,3.76,1,complex,NaN,0.0487424113439925
20260318,3,95,3.8,1,untuned,NaN,0.0502937088971541
20260318,3,96,3.84,1,directional,152.926319785179,0.396544045215834
20260318,3,97,4.3,0,not_responsive,NaN,0
20260318,3,98,4.34,1,untuned,NaN,0
20260318,3,99,4.38,0,not_responsive,NaN,0
20260318,3,100,4.42,1,untuned,NaN,1
20260318,3,101,4.46,0,not_responsive,NaN,0
20260318,3,102,4.5,1,untuned,NaN,0
20260318,3,103,4.54,1,untuned,NaN,0.6389102766311
20260318,3,104,4.58,1,untuned,NaN,0.655529008862368
20260318,3,105,4.62,0,not_responsive,NaN,0
20260318,3,106,4.66,1,untuned,NaN,1
20260318,3,107,4.7,0,not_responsive,NaN,0
20260318,3,108,4.74,0,not_responsive,NaN,0
20260318,3,109,4.78,0,not_responsive,NaN,0
20260318,3,110,4.82,0,not_responsive,NaN,0
20260318,3,111,4.86,1,untuned,NaN,0.260754289845611
20260318,3,112,4.9,0,not_responsive,NaN,0
20260318,3,113,4.94,0,not_responsive,NaN,0
20260318,3,114,4.98,0,not_responsive,NaN,0
20260318,3,115,5.02,0,not_responsive,NaN,0
20260318,3,116,5.06,0,not_responsive,NaN,0
20260318,3,117,5.1,1,directional,135,1
20260318,3,118,5.14,0,not_responsive,NaN,0
20260318,3,119,5.18,0,not_responsive,NaN,0
20260318,3,120,5.22,0,not_responsive,NaN,0
20260318,3,121,5.26,0,not_responsive,NaN,0
20260318,3,122,5.3,1,untuned,NaN,0.695921792429349
20260318,3,123,5.34,0,not_responsive,NaN,0
20260318,3,124,5.38,0,not_responsive,NaN,0
20260318,3,125,5.42,0,not_responsive,NaN,0
20260318,3,126,5.46,1,untuned,NaN,0.968087855403088
20260318,3,127,5.5,0,not_responsive,NaN,0
20260318,3,128,5.54,0,not_responsive,NaN,0
20260318,3,129,5.58,0,not_responsive,NaN,0
20260318,3,130,5.62,0,not_responsive,NaN,0
20260318,3,131,5.66,0,not_responsive,NaN,0
20260318,3,132,5.7,0,not_responsive,NaN,0
20260318,3,133,5.74,1,untuned,NaN,0.295059062741125
20260318,3,134,5.78,0,not_responsive,NaN,0
20260318,3,135,5.82,0,not_responsive,NaN,0
20260318,3,136,5.86,0,not_responsive,NaN,0
20260318,3,137,5.9,1,untuned,NaN,0.865716073170207
20260318,3,138,5.94,0,not_responsive,NaN,0
20260318,3,139,5.98,0,not_responsive,NaN,0
20260318,3,140,6.02,0,not_responsive,NaN,0
20260318,3,141,6.06,1,untuned,NaN,0.870458302715448
20260318,3,142,6.1,1,untuned,NaN,0.706710116574642
20260318,3,143,6.14,1,untuned,NaN,0.172542742204884
20260318,3,144,6.18,1,untuned,NaN,0.479577250109281
20260318,3,145,6.22,0,not_responsive,NaN,0
20260318,3,146,6.26,1,untuned,NaN,0.627402697129326
20260318,3,147,6.3,0,not_responsive,NaN,0
20260318,3,148,6.34,1,untuned,NaN,0.512050541835305
20260318,3,149,6.38,0,not_responsive,NaN,0
20260318,3,150,6.42,0,not_responsive,NaN,0
20260318,3,151,6.46,0,not_responsive,NaN,0
20260318,3,152,6.5,0,not_responsive,NaN,0
20260318,3,153,6.54,1,untuned,NaN,0.0462574700140454
20260318,3,154,6.58,1,untuned,NaN,0.24379048801838
20260318,3,155,6.62,0,not_responsive,NaN,0
20260318,3,156,6.66,1,untuned,NaN,0.367555911476889
20260318,3,157,6.7,1,untuned,NaN,0.21209957973584
20260318,3,158,6.74,1,untuned,NaN,0.12022801934485
20260318,3,159,6.78,1,directional,118.924929793834,0.26542453736718
20260318,3,160,6.82,1,untuned,NaN,0.135066694109253
20260318,3,161,6.86,1,directional,190.223052558701,0.153217896544232
20260318,3,162,6.9,1,directional,171.035427768145,0.141869019502775
20260318,3,163,6.94,1,untuned,NaN,0.0650115998341854
20260318,3,164,6.98,1,directional,129.003019808231,0.108046532200522
20260318,3,165,7.02,1,untuned,NaN,0.0601359753861336
20260318,3,166,7.06,1,directional,136.582039255598,0.146232114218209
20260318,3,167,7.1,1,untuned,NaN,0.0750696638127229
20260318,3,168,7.14,1,directional,181.432412001049,0.125961432826006
20260318,3,169,7.18,1,untuned,NaN,0.202649361598068
20260318,3,170,7.22,1,untuned,NaN,0.130858204274302
20260318,3,171,7.26,1,directional,195.924924168419,0.31599582800124
20260318,3,172,7.3,1,untuned,NaN,0.17748545010982
20260318,3,173,7.34,1,untuned,NaN,0.163671129831287
20260318,3,174,7.38,1,untuned,NaN,0.140335312997761
20260318,3,175,7.42,1,untuned,NaN,0.125344074689529
20260318,3,176,7.46,1,untuned,NaN,0.112731582944944
20260318,3,177,7.5,1,untuned,NaN,0.0953028862424029
20260318,3,178,7.54,1,untuned,NaN,0.0645850568489964
20260318,3,179,7.58,1,untuned,NaN,0.204978939079657
20260318,3,180,7.62,1,untuned,NaN,0.0916509973883714
20260318,3,181,7.66,1,untuned,NaN,0.168585918059341
20260318,3,182,7.7,1,untuned,NaN,0.0527646022770075
20260318,3,183,7.74,1,untuned,NaN,0.184645531160324
20260318,3,184,7.78,1,untuned,NaN,0.236269159606614
20260318,3,185,7.82,1,untuned,NaN,0.295518664420193
20260318,3,186,7.86,1,untuned,NaN,0.248911613680495
20260318,3,187,7.9,1,untuned,NaN,0.210943995068937
20260318,3,188,7.94,1,untuned,NaN,0.210717151614888
20260318,3,189,7.98,1,untuned,NaN,0.254673638727272
20260318,3,190,8.02,1,directional,184.522246350897,0.26820624544047
20260318,3,191,8.06,1,untuned,NaN,0.062528578959664
20260318,3,192,8.1,1,untuned,NaN,0.199301911238305
20260318,3,193,8.62,1,untuned,NaN,0.0577648439647618
20260318,3,194,8.78,0,not_responsive,NaN,0
20260318,3,195,8.94,1,untuned,NaN,0.0350867044422256
20260318,3,196,9.06,0,not_responsive,NaN,0
20260318,3,197,20.54,1,untuned,NaN,0.223331513842297
20260318,3,198,20.62,0,not_responsive,NaN,0
20260318,3,199,20.66,1,untuned,NaN,1
20260318,3,200,20.7,1,untuned,NaN,1
20260318,3,201,20.74,1,untuned,NaN,1
20260318,3,202,20.78,0,not_responsive,NaN,0
20260318,3,203,20.82,0,not_responsive,NaN,0
20260318,3,204,20.86,0,not_responsive,NaN,0
20260318,3,205,20.9,0,not_responsive,NaN,0
20260318,3,206,20.94,0,not_responsive,NaN,0
20260318,3,207,20.98,0,not_responsive,NaN,0
20260318,3,208,21.02,1,untuned,NaN,0.111315260978475
20260318,3,209,21.06,0,not_responsive,NaN,0
20260318,3,210,21.1,1,untuned,NaN,1
20260318,3,211,21.14,0,not_responsive,NaN,0
20260318,3,212,21.18,0,not_responsive,NaN,0
20260318,3,213,21.22,1,untuned,NaN,0.743044235047689
20260318,3,214,21.26,1,untuned,NaN,0.672578543486498
20260318,3,215,21.3,1,directional,191.371430569769,0.54977142815453
20260318,3,216,21.34,0,not_responsive,NaN,0
20260318,3,217,21.38,0,not_responsive,NaN,0
20260318,3,218,21.42,0,not_responsive,NaN,0
20260318,3,219,21.46,0,not_responsive,NaN,0
20260318,3,220,21.5,0,not_responsive,NaN,0
20260318,3,221,21.54,1,untuned,NaN,0.137733319201368
20260318,3,222,21.58,1,untuned,NaN,0.0819426976689743
20260318,3,223,21.62,1,untuned,NaN,0.397084262363814
20260318,3,224,21.66,1,untuned,NaN,0.35062947077369
20260318,3,225,21.7,0,not_responsive,NaN,0
20260318,3,226,21.74,1,untuned,NaN,0.431217083036471
20260318,3,227,21.78,0,not_responsive,NaN,0
20260318,3,228,21.82,0,not_responsive,NaN,0
20260318,3,229,21.86,0,not_responsive,NaN,0
20260318,3,230,21.9,1,untuned,NaN,0.323335432772673
20260318,3,231,21.94,0,not_responsive,NaN,0
20260318,3,232,21.98,0,not_responsive,NaN,0
20260318,3,233,22.02,1,untuned,NaN,0.126494288793089
20260318,3,234,22.06,1,untuned,NaN,0.449500218613937
20260318,3,235,22.1,1,untuned,NaN,0.279689645658254
20260318,3,236,22.14,1,directional,327.602663106448,0.841706240572786
20260318,3,237,22.18,1,untuned,NaN,0.232263384328449
20260318,3,238,22.22,1,untuned,NaN,0.11163240044539
20260318,3,239,22.26,1,untuned,NaN,0.00928485822246999
20260318,3,240,22.3,1,untuned,NaN,0.183816259313277
20260318,3,241,22.34,1,untuned,NaN,0.159944626530994
20260318,3,242,22.38,0,not_responsive,NaN,0
20260318,3,243,22.42,1,untuned,NaN,0.549473787955226
20260318,3,244,22.46,1,untuned,NaN,0.333746996804677
20260318,3,245,22.5,1,untuned,NaN,0.362779471509602
20260318,3,246,22.54,1,untuned,NaN,0.153547828744846
20260318,3,247,22.58,0,not_responsive,NaN,0
20260318,3,248,22.62,1,untuned,NaN,0.50021505003886
20260318,3,249,22.66,0,not_responsive,NaN,0
20260318,3,250,22.7,1,untuned,NaN,0.452748289959139
20260318,3,251,22.74,0,not_responsive,NaN,0
20260318,3,252,22.78,1,untuned,NaN,0.552768525544547
20260318,3,253,22.82,1,complex,NaN,0.44772656015446
20260318,3,254,22.86,1,untuned,NaN,0.233451580911793
20260318,3,255,22.9,1,untuned,NaN,0.184628945870113
20260318,3,256,22.94,1,untuned,NaN,0.175461004282995
20260318,3,257,22.98,1,untuned,NaN,0.182608763346206
20260318,3,258,23.02,1,untuned,NaN,0.186017991122481
20260318,3,259,23.06,1,untuned,NaN,0.196605132991842
20260318,3,260,23.1,1,untuned,NaN,0.210717495054653
20260318,3,261,23.14,1,directional,200.671246019275,0.528966509627289
20260318,3,262,23.18,1,untuned,NaN,0.191204261793066
20260318,3,263,23.22,1,untuned,NaN,0.193464420872273
20260318,3,264,23.26,1,untuned,NaN,0.118589377728886
20260318,3,265,23.3,1,untuned,NaN,0.366007079654973
20260318,3,266,23.34,1,untuned,NaN,0.225717461935283
20260318,3,267,23.38,1,untuned,NaN,0.361828488289499
20260318,3,268,23.42,1,untuned,NaN,0.189005357403662
20260318,3,269,23.46,1,untuned,NaN,0.20914206616552
20260318,3,270,23.5,1,directional,162.437212174335,0.51813600840469
20260318,3,271,23.54,1,untuned,NaN,0.177123012876371
20260318,3,272,23.58,1,untuned,NaN,0.166695912413063
20260318,3,273,23.62,1,untuned,NaN,0.354167090805662
20260318,3,274,23.66,0,not_responsive,NaN,0
20260318,3,275,23.7,0,not_responsive,NaN,0
20260318,3,276,23.74,0,not_responsive,NaN,0
20260318,3,277,23.78,0,not_responsive,NaN,0
20260318,3,278,23.82,0,not_responsive,NaN,0
20260318,3,279,23.86,0,not_responsive,NaN,0
20260318,3,280,23.9,0,not_responsive,NaN,0
20260318,3,281,23.94,1,untuned,NaN,0.921801436837995
20260318,3,282,24,0,not_responsive,NaN,0
20260318,3,283,24.04,0,not_responsive,NaN,0
20260318,3,284,24.08,0,not_responsive,NaN,0
20260318,3,285,24.12,1,untuned,NaN,0.858710701974397
20260318,3,286,24.16,0,not_responsive,NaN,0
20260318,3,287,24.2,0,not_responsive,NaN,0
20260318,3,288,24.24,0,not_responsive,NaN,0
20260318,3,289,24.28,0,not_responsive,NaN,0
20260318,3,290,24.32,0,not_responsive,NaN,0
20260318,3,291,24.36,0,not_responsive,NaN,0
20260318,3,292,24.4,1,untuned,NaN,0.395205589449637
20260318,3,293,24.44,0,not_responsive,NaN,0
20260318,3,294,24.48,0,not_responsive,NaN,0
20260318,3,295,24.52,0,not_responsive,NaN,0
20260318,3,296,24.56,0,not_responsive,NaN,0
20260318,3,297,24.6,0,not_responsive,NaN,0
20260318,3,298,24.64,0,not_responsive,NaN,0
20260318,3,299,24.68,0,not_responsive,NaN,0
20260318,3,300,24.72,0,not_responsive,NaN,0
20260318,3,301,24.76,0,not_responsive,NaN,0
20260318,3,302,24.8,0,not_responsive,NaN,0
20260318,3,303,24.84,0,not_responsive,NaN,0
20260318,3,304,24.88,0,not_responsive,NaN,0
20260318,3,305,24.92,0,not_responsive,NaN,0
20260318,3,306,24.96,0,not_responsive,NaN,0
20260318,3,307,25,0,not_responsive,NaN,0
20260318,3,308,25.04,0,not_responsive,NaN,0
20260318,3,309,25.08,0,not_responsive,NaN,0
20260318,3,310,25.12,0,not_responsive,NaN,0
20260318,3,311,25.16,0,not_responsive,NaN,0
20260318,3,312,25.2,0,not_responsive,NaN,0
20260318,3,313,25.24,0,not_responsive,NaN,0
20260318,3,314,25.28,0,not_responsive,NaN,0
20260318,3,315,25.32,0,not_responsive,NaN,0
20260318,3,316,25.36,1,untuned,NaN,0.186445692728143
20260318,3,317,25.4,0,not_responsive,NaN,0
20260318,3,318,25.44,0,not_responsive,NaN,0
20260318,3,319,25.48,0,not_responsive,NaN,0
20260318,3,320,25.52,1,untuned,NaN,0.276551133265395
20260318,3,321,25.56,1,untuned,NaN,0.193329560090126
20260318,3,322,25.6,0,not_responsive,NaN,0
20260318,3,323,25.64,1,untuned,NaN,0.234756285974816
20260318,3,324,25.68,0,not_responsive,NaN,0
20260318,3,325,25.72,0,not_responsive,NaN,0
20260318,3,326,25.76,0,not_responsive,NaN,0
20260318,3,327,25.8,0,not_responsive,NaN,0
20260318,3,328,25.84,1,untuned,NaN,0.272176470143338
20260318,3,329,25.88,1,untuned,NaN,0.192474435874001
20260318,3,330,25.92,0,not_responsive,NaN,0
20260318,3,331,25.96,0,not_responsive,NaN,0
20260318,3,332,26,0,not_responsive,NaN,0
20260318,3,333,26.04,1,untuned,NaN,0.149545009923133
20260318,3,334,26.08,0,not_responsive,NaN,0
20260318,3,335,26.12,0,not_responsive,NaN,0
20260318,3,336,26.16,0,not_responsive,NaN,0
20260318,3,337,26.2,0,not_responsive,NaN,0
20260318,3,338,26.24,1,untuned,NaN,0.122481232778939
20260318,3,339,26.28,0,not_responsive,NaN,0
20260318,3,340,26.32,1,untuned,NaN,0.155942970908036
20260318,3,341,26.36,1,untuned,NaN,0.678257403894715
20260318,3,342,26.4,1,untuned,NaN,0.17866693886286
20260318,3,343,26.44,0,not_responsive,NaN,0
20260318,3,344,26.48,1,untuned,NaN,0.15394691352649
20260318,3,345,26.52,0,not_responsive,NaN,0
20260318,3,346,26.56,1,untuned,NaN,0.13766153104193
20260318,3,347,26.6,1,untuned,NaN,0.445215532464513
20260318,3,348,26.64,1,untuned,NaN,0.159907905488557
20260318,3,349,26.68,1,untuned,NaN,0.389946923706777
20260318,3,350,26.72,1,untuned,NaN,0.297729319155611
20260318,3,351,26.76,1,untuned,NaN,0.163290279137893
20260318,3,352,26.8,1,untuned,NaN,0.21821619974482
20260318,3,353,26.84,1,untuned,NaN,0.145238209680825
20260318,3,354,26.88,1,untuned,NaN,0.371844130017042
20260318,3,355,26.92,1,untuned,NaN,0.474278736198367
20260318,3,356,26.96,1,untuned,NaN,0.42287934603203
20260318,3,357,27,1,untuned,NaN,0.31036435866638
20260318,3,358,27.04,1,directional,166.467888834485,0.512110607399546
20260318,3,359,27.08,1,directional,173.228270929008,0.550103671957196
20260318,3,360,27.12,1,untuned,NaN,0.402862268978632
20260318,3,361,27.16,1,untuned,NaN,0.45009514525216
20260318,3,362,27.2,1,directional,173.878427341372,0.583847055236806
20260318,3,363,27.24,1,directional,152.008004882061,0.40599877715374
20260318,3,364,27.28,1,untuned,NaN,0.412992116226319
20260318,3,365,27.32,1,directional,162.42576411139,0.50709301466972
20260318,3,366,27.36,1,directional,177.442968486042,0.643991204722899
20260318,3,367,27.4,1,untuned,NaN,0.460512232377155
20260318,3,368,27.44,1,untuned,NaN,0.38657509775584
20260318,3,369,27.48,1,complex,NaN,0.29463940268176
20260318,3,370,27.52,1,directional,153.448456995955,0.577930890216861
20260318,3,371,27.56,1,untuned,NaN,0.436924728568618
20260318,3,372,27.6,1,untuned,NaN,0.165540023410023
20260318,3,373,27.64,1,untuned,NaN,0.374249853848757
20260318,3,374,27.68,1,untuned,NaN,0.391227821302928
20260318,3,375,27.72,1,directional,173.735537624834,0.517853745056297
20260318,3,376,27.76,1,untuned,NaN,0.228743715123469
20260318,3,377,27.8,1,directional,164.579005166986,0.648539119698084
20260318,3,378,27.86,1,untuned,NaN,0.376277604547994
20260318,3,379,27.9,1,untuned,NaN,0.0193663209937774
20260318,3,380,27.94,1,directional,185.742576374817,0.42578018642816
20260318,3,381,28.02,1,directional,178.105277420526,0.48538864682389
20260318,3,382,28.06,1,directional,140.980241006648,0.425120927326593
20260318,3,383,28.1,1,untuned,NaN,0.32603452097677
20260318,3,384,28.18,1,directional,124.484645603405,0.508780011160026
20260320,3,1,0.02,1,untuned,NaN,0.614256725320986
20260320,3,2,0.06,1,directional,134.863456058596,0.106472865834165
20260320,3,3,0.1,0,not_responsive,NaN,0
20260320,3,4,0.14,1,directional,210.11154362795,0.157540833099021
20260320,3,5,0.18,1,directional,256.84895851431,0.399041498048145
20260320,3,6,0.22,1,directional,206.802567310322,0.123108060554357
20260320,3,7,0.26,1,directional,272.016772812155,0.409576957068944
20260320,3,8,0.3,1,directional,251.457902695858,0.228317913609801
20260320,3,9,0.34,1,directional,279.339156141687,0.33289623716118
20260320,3,10,0.38,1,untuned,NaN,0.101179431609698
20260320,3,11,0.42,1,directional,266.641049273972,0.255612093518567
20260320,3,12,0.46,1,directional,267.135443617429,0.357297802281834
20260320,3,13,0.5,1,directional,265.900372030434,0.175473556733019
20260320,3,14,0.54,1,directional,277.286143724843,0.154408621895138
20260320,3,15,0.58,1,untuned,NaN,0.151398923884508
20260320,3,16,0.62,1,directional,278.830050712827,0.25200582789438
20260320,3,17,0.66,1,untuned,NaN,0.330258333801006
20260320,3,18,0.7,1,directional,257.907841790711,0.16839491682946
20260320,3,19,0.74,1,untuned,NaN,0.137093726540991
20260320,3,20,0.78,1,untuned,NaN,0.108941270744401
20260320,3,21,0.82,1,directional,293.323893072183,0.107562933051425
20260320,3,22,0.86,1,untuned,NaN,0.0337843785619697
20260320,3,23,0.9,1,directional,293.266867716601,0.130794224666651
20260320,3,24,0.94,1,directional,73.5140250324692,0.115692896313469
20260320,3,25,0.98,1,directional,288.551625572287,0.104833570221883
20260320,3,26,1.02,1,complex,NaN,0.0559414133923304
20260320,3,27,1.06,1,directional,329.089902560721,0.0614092627216523
20260320,3,28,1.1,1,directional,329.522720386861,0.264219395737461
20260320,3,29,1.14,1,directional,21.8769861217312,0.156804188634267
20260320,3,30,1.18,1,directional,340.620216197017,0.11342591929338
20260320,3,31,1.22,1,directional,340.879696194491,0.518951141338288
20260320,3,32,1.26,1,directional,319.983043855676,0.201182920515584
20260320,3,33,1.3,1,directional,350.615050964048,0.238419268435566
20260320,3,34,1.34,1,directional,317.56908766151,0.195919607380722
20260320,3,35,1.38,1,directional,10.7300337290868,0.248598141916133
20260320,3,36,1.42,1,complex,NaN,0.0598462031846906
20260320,3,37,1.46,1,directional,27.7245369690803,0.454094980588392
20260320,3,38,1.5,1,untuned,NaN,0.10477084377505
20260320,3,39,1.54,1,directional,9.32740922686536,0.172217297116839
20260320,3,40,1.58,1,untuned,NaN,0.106717681927135
20260320,3,41,1.62,1,untuned,NaN,0.0946202109376798
20260320,3,42,1.66,1,untuned,NaN,0.724562842670359
20260320,3,43,1.7,1,directional,62.9911715256935,0.357074424195456
20260320,3,44,1.74,1,untuned,NaN,0.968723535093799
20260320,3,45,1.78,1,untuned,NaN,0
20260320,3,46,1.82,1,untuned,NaN,0.17100028444958
20260320,3,47,1.86,1,untuned,NaN,0.157675816626959
20260320,3,48,1.9,1,untuned,NaN,0.0841860289074045
20260320,3,49,1.94,1,untuned,NaN,0.138610878612859
20260320,3,50,1.98,1,untuned,NaN,0.252339842220087
20260320,3,51,2.02,1,directional,331.600714076063,0.195940219920503
20260320,3,52,2.06,1,untuned,NaN,0.0853961865199497
20260320,3,53,2.1,1,directional,326.971280377065,0.160297583398922
20260320,3,54,2.14,1,untuned,NaN,0.174841470228776
20260320,3,55,2.18,1,untuned,NaN,0.154012000580673
20260320,3,56,2.22,1,untuned,NaN,0.160583053899195
20260320,3,57,2.26,1,untuned,NaN,0.0731731007503932
20260320,3,58,2.3,1,complex,NaN,0.285074769449207
20260320,3,59,2.34,1,untuned,NaN,0.0838443480770229
20260320,3,60,2.38,1,complex,NaN,0.154449094112033
20260320,3,61,2.42,1,untuned,NaN,0.0692146226599894
20260320,3,62,2.5,1,untuned,NaN,0.0563258064887834
20260320,3,63,2.54,1,complex,NaN,0.833657753075652
20260320,3,64,2.58,1,untuned,NaN,0.0660570924083372
20260320,3,65,2.62,1,untuned,NaN,0.0692503180636786
20260320,3,66,2.66,1,directional,194.83263054499,0.179054717782347
20260320,3,67,2.7,1,untuned,NaN,0.0265347681400103
20260320,3,68,2.74,1,directional,180.805771122028,0.250180370566111
20260320,3,69,2.82,1,directional,180.794436749295,0.200284157593954
20260320,3,70,2.86,1,directional,199.194761036133,0.23525764655317
20260320,3,71,2.9,1,directional,190.581921786732,0.12809749479798
20260320,3,72,2.94,1,directional,188.349234922223,0.367868687784312
20260320,3,73,2.98,1,directional,186.808120844116,0.195625585468581
20260320,3,74,3.06,1,directional,190.34500589592,0.253344542636596
20260320,3,75,3.1,1,directional,188.7825735522,0.400229157138888
20260320,3,76,3.14,1,directional,179.754868710647,0.465999550089376
20260320,3,77,3.18,1,directional,178.726971810425,0.566865052740979
20260320,3,78,3.22,1,directional,156.925575236538,0.575246025528936
20260320,3,79,3.26,1,directional,136.977743075991,0.668494713005675
20260320,3,80,3.3,1,directional,155.147509765663,0.588604884045768
20260320,3,81,3.34,1,directional,174.103368311145,0.463202872682347
20260320,3,82,3.38,1,complex,NaN,0.580433031643293
20260320,3,83,3.42,1,directional,175.542008423406,0.279738306924511
20260320,3,84,3.46,1,directional,158.5437392358,0.467488276249749
20260320,3,85,3.5,1,directional,171.810280250657,0.419301669099944
20260320,3,86,3.54,1,directional,147.200681497892,0.495252070636954
20260320,3,87,3.58,1,directional,153.632553384469,0.519953415658854
20260320,3,88,3.62,1,directional,158.011020834109,0.49836484628624
20260320,3,89,3.66,1,directional,161.546279345791,0.436176772960729
20260320,3,90,3.7,1,directional,158.388606351612,0.507629277396175
20260320,3,91,3.74,1,directional,165.291064276001,0.489339253780489
20260320,3,92,3.78,1,directional,166.212344156467,0.49014394612927
20260320,3,93,3.82,1,directional,184.911873895104,0.450060933080144
20260320,3,94,3.86,1,directional,139.47374567177,0.323036797124605
20260320,3,95,3.9,1,directional,183.510378948161,0.626103554961858
20260320,3,96,3.94,1,directional,174.241241797637,0.481539603288065
20260320,3,97,3.98,1,directional,191.425603910566,0.732908690181676
20260320,3,98,4.02,1,directional,167.537316019299,0.426076853725436
20260320,3,99,4.06,1,directional,145.930812143565,0.632410088118714
20260320,3,100,4.1,1,directional,168.519410637622,0.619141968207367
20260320,3,101,4.14,1,directional,169.373854568906,0.704820359416081
20260320,3,102,4.18,1,directional,164.986910896908,0.564205682270317
20260320,3,103,4.22,1,directional,173.891168175255,0.67226151886947
20260320,3,104,4.26,1,directional,158.61940430092,0.673944957435965
20260320,3,105,4.3,1,complex,NaN,0.77538258822257
20260320,3,106,4.34,1,directional,146.211009716293,0.732024229909587
20260320,3,107,4.38,1,complex,NaN,0.733495362118429
20260320,3,108,4.42,1,directional,132.801619092538,0.727372181952415
20260320,3,109,4.46,1,complex,NaN,0.799537274617237
20260320,3,110,4.5,1,directional,182.31319430067,0.743177709294817
20260320,3,111,4.54,1,directional,183.995321825591,0.828373587253554
20260320,3,112,4.58,1,complex,NaN,0.371146754013321
20260320,3,113,4.62,1,directional,191.815971413952,0.771634324005597
20260320,3,114,4.66,1,directional,173.834454223688,0.684334275702695
20260320,3,115,4.7,1,directional,188.372651232313,0.837994182001612
20260320,3,116,4.74,0,not_responsive,NaN,0
20260320,3,117,4.78,1,untuned,NaN,0.872856005168886
20260320,3,118,4.82,1,untuned,NaN,0.905729255185865
20260320,3,119,4.86,1,untuned,NaN,0
20260320,3,120,4.9,1,untuned,NaN,0.275827748605878
20260320,3,121,4.94,1,untuned,NaN,0
20260320,3,122,4.98,1,untuned,NaN,0.465152210333872
20260320,3,123,5.02,1,untuned,NaN,0
20260320,3,124,5.06,1,untuned,NaN,1
20260320,3,125,5.1,1,untuned,NaN,0.533775352246708
20260320,3,126,5.14,0,not_responsive,NaN,0
20260320,3,127,5.18,1,untuned,NaN,0.366106740427897
20260320,3,128,5.22,1,untuned,NaN,0.466900619550064
20260320,3,129,5.26,0,not_responsive,NaN,0
20260320,3,130,5.3,0,not_responsive,NaN,0
20260320,3,131,5.34,1,untuned,NaN,0
20260320,3,132,5.38,0,not_responsive,NaN,0
20260320,3,133,5.42,1,untuned,NaN,0.829175854255823
20260320,3,134,5.46,0,not_responsive,NaN,0
20260320,3,135,5.5,0,not_responsive,NaN,0
20260320,3,136,5.54,0,not_responsive,NaN,0
20260320,3,137,5.58,0,not_responsive,NaN,0
20260320,3,138,5.62,0,not_responsive,NaN,0
20260320,3,139,5.66,1,untuned,NaN,0.216579609368297
20260320,3,140,5.7,1,untuned,NaN,0.251300501240238
20260320,3,141,5.74,1,untuned,NaN,0.159178061352331
20260320,3,142,5.78,0,not_responsive,NaN,0
20260320,3,143,5.82,1,untuned,NaN,0.201716660814062
20260320,3,144,5.86,0,not_responsive,NaN,0
20260320,3,145,5.9,0,not_responsive,NaN,0
20260320,3,146,5.94,0,not_responsive,NaN,0
20260320,3,147,5.98,1,untuned,NaN,0.0870761770315134
20260320,3,148,6.02,1,untuned,NaN,0.304708045581933
20260320,3,149,6.06,1,untuned,NaN,0.331537248674464
20260320,3,150,6.1,0,not_responsive,NaN,0
20260320,3,151,6.14,1,untuned,NaN,0.260179580713138
20260320,3,152,6.18,1,untuned,NaN,0.260764760491977
20260320,3,153,6.22,1,untuned,NaN,0.209402941608909
20260320,3,154,6.26,0,not_responsive,NaN,0
20260320,3,155,6.3,1,untuned,NaN,0.510122336686078
20260320,3,156,6.34,0,not_responsive,NaN,0
20260320,3,157,6.38,1,untuned,NaN,0.784993958149443
20260320,3,158,6.42,1,untuned,NaN,0.555926847640915
20260320,3,159,6.46,1,untuned,NaN,0.184696312588755
20260320,3,160,6.5,1,untuned,NaN,0
20260320,3,161,6.54,1,directional,172.900370429184,0.3386588047094
20260320,3,162,6.58,0,not_responsive,NaN,0
20260320,3,163,6.62,1,untuned,NaN,0.853094378481349
20260320,3,164,6.66,1,untuned,NaN,0.261643885387428
20260320,3,165,6.7,1,untuned,NaN,0.81550364191948
20260320,3,166,6.74,1,untuned,NaN,0.444793802324362
20260320,3,167,6.78,1,complex,NaN,1
20260320,3,168,6.82,1,untuned,NaN,0.764138365379045
20260320,3,169,6.86,1,complex,NaN,0.773201667072002
20260320,3,170,7.08,1,directional,164.935968411865,0.262659858295928
20260320,3,171,7.14,1,directional,173.580753745903,0.345764495442389
20260320,3,172,11.72,1,untuned,NaN,0.289779262825016
20260320,3,173,11.8,0,not_responsive,NaN,0
20260320,3,174,11.88,1,untuned,NaN,0.379908190336696
20260320,3,175,11.92,1,untuned,NaN,0.156746083978452
20260320,3,176,11.96,1,untuned,NaN,0.0777419551871249
20260320,3,177,12,1,untuned,NaN,0.156202356244904
20260320,3,178,12.04,0,not_responsive,NaN,0
20260320,3,179,12.08,1,untuned,NaN,0.316960033721753
20260320,3,180,12.12,1,complex,NaN,0.345647267136271
20260320,3,181,12.16,0,not_responsive,NaN,0
20260320,3,182,12.2,0,not_responsive,NaN,0
20260320,3,183,12.24,1,untuned,NaN,0.203637770787129
20260320,3,184,12.28,1,untuned,NaN,0.321322558210612
20260320,3,185,12.32,0,not_responsive,NaN,0
20260320,3,186,12.36,0,not_responsive,NaN,0
20260320,3,187,12.4,1,untuned,NaN,0.328394581939344
20260320,3,188,12.44,1,untuned,NaN,0.128968611351355
20260320,3,189,12.48,0,not_responsive,NaN,0
20260320,3,190,12.52,1,complex,NaN,0.166511862906626
20260320,3,191,12.56,1,untuned,NaN,0
20260320,3,192,12.6,1,untuned,NaN,0.396897299832603
20260320,3,193,12.64,0,not_responsive,NaN,0
20260320,3,194,12.68,0,not_responsive,NaN,0
20260320,3,195,12.72,0,not_responsive,NaN,0
20260320,3,196,12.76,1,untuned,NaN,0.134178898242376
20260320,3,197,12.8,0,not_responsive,NaN,0
20260320,3,198,12.84,0,not_responsive,NaN,0
20260320,3,199,12.88,1,untuned,NaN,0.0470565027072329
20260320,3,200,12.92,1,untuned,NaN,0.935247887990531
20260320,3,201,12.96,0,not_responsive,NaN,0
20260320,3,202,13,0,not_responsive,NaN,0
20260320,3,203,13.04,1,untuned,NaN,0.932702495358904
20260320,3,204,13.08,1,untuned,NaN,0.262637050218232
20260320,3,205,13.12,1,untuned,NaN,0
20260320,3,206,13.2,0,not_responsive,NaN,0
20260320,3,207,13.24,0,not_responsive,NaN,0
20260320,3,208,13.28,1,untuned,NaN,0.885966926603844
20260320,3,209,13.32,1,untuned,NaN,0.831117835564699
20260320,3,210,13.36,0,not_responsive,NaN,0
20260320,3,211,13.4,0,not_responsive,NaN,0
20260320,3,212,13.44,1,untuned,NaN,0.426546030143479
20260320,3,213,13.48,1,untuned,NaN,0.324773187554926
20260320,3,214,13.52,0,not_responsive,NaN,0
20260320,3,215,13.56,0,not_responsive,NaN,0
20260320,3,216,13.6,1,untuned,NaN,0.373489542698411
20260320,3,217,13.64,1,directional,273.664500428484,0.267858209285486
20260320,3,218,13.68,1,untuned,NaN,0.427954596749133
20260320,3,219,13.72,0,not_responsive,NaN,0
20260320,3,220,13.76,1,untuned,NaN,0.228337944750742
20260320,3,221,13.8,0,not_responsive,NaN,0
20260320,3,222,13.84,1,untuned,NaN,0.377100658663018
20260320,3,223,13.88,1,untuned,NaN,0.151527317936451
20260320,3,224,13.92,1,untuned,NaN,0.0776710501745753
20260320,3,225,13.96,1,untuned,NaN,0.176443956204965
20260320,3,226,14,1,directional,230.592035198319,0.782292654551944
20260320,3,227,14.04,0,not_responsive,NaN,0
20260320,3,228,14.08,1,untuned,NaN,0.206187954235181
20260320,3,229,14.12,0,not_responsive,NaN,0
20260320,3,230,14.16,0,not_responsive,NaN,0
20260320,3,231,14.2,1,untuned,NaN,1
20260320,3,232,14.24,1,untuned,NaN,0.224347421097487
20260320,3,233,14.28,1,untuned,NaN,0.301802153198861
20260320,3,234,14.32,1,complex,NaN,0.0905053675756158
20260320,3,235,14.36,1,complex,NaN,0.113809777887629
20260320,3,236,14.4,1,untuned,NaN,0.322869868820767
20260320,3,237,14.44,1,untuned,NaN,0.0693116747243901
20260320,3,238,14.48,0,not_responsive,NaN,0
20260320,3,239,14.52,1,complex,NaN,0.388038840040104
20260320,3,240,14.56,1,untuned,NaN,0.108891654610097
20260320,3,241,14.6,1,directional,149.413560817071,0.380943852015789
20260320,3,242,14.64,1,directional,165.827609314821,0.342648432174921
20260320,3,243,14.68,1,directional,174.943825788904,0.479518938663559
20260320,3,244,14.72,1,directional,151.868033080955,0.302641588238153
20260320,3,245,14.76,1,directional,187.9514678024,0.499500223457662
20260320,3,246,14.8,1,directional,173.406257642321,0.513995128412087
20260320,3,247,14.84,1,directional,168.189712099252,0.513516097884654
20260320,3,248,14.88,1,directional,145.583825372237,0.373889506174149
20260320,3,249,14.92,1,directional,156.067774647368,0.37631314868551
20260320,3,250,14.96,1,directional,163.044532009891,0.422167053828772
20260320,3,251,15,1,untuned,NaN,0.165800497951387
20260320,3,252,15.04,1,directional,163.029162421422,0.341207544300509
20260320,3,253,15.08,1,directional,153.875081458231,0.466399842952145
20260320,3,254,15.12,1,directional,138.947784065507,0.518278303937063
20260320,3,255,15.16,0,not_responsive,NaN,0
20260320,3,256,15.2,0,not_responsive,NaN,0
20260320,3,257,15.24,1,untuned,NaN,0.296653429592946
20260320,3,258,15.28,1,complex,NaN,0.166028426730372
20260320,3,259,15.32,1,untuned,NaN,0.225204545434912
20260320,3,260,15.36,1,complex,NaN,0.110473142100231
20260320,3,261,15.4,0,not_responsive,NaN,0
20260320,3,262,15.44,0,not_responsive,NaN,0
20260320,3,263,15.48,0,not_responsive,NaN,0
20260320,3,264,15.52,0,not_responsive,NaN,0
20260320,3,265,15.56,1,untuned,NaN,0.16720293702635
20260320,3,266,15.6,1,untuned,NaN,0.209131090184196
20260320,3,267,15.64,1,untuned,NaN,0.225531272391641
20260320,3,268,15.68,1,untuned,NaN,0.201419498822458
20260320,3,269,15.72,1,untuned,NaN,0.0204101756031462
20260320,3,270,15.76,1,untuned,NaN,0.20506139848272
20260320,3,271,15.8,1,untuned,NaN,0.242719520429643
20260320,3,272,15.84,1,untuned,NaN,0.0777355092134199
20260320,3,273,15.88,1,directional,296.047077994479,0.326476503970387
20260320,3,274,15.92,1,directional,269.706907217163,0.378737022947307
20260320,3,275,15.96,0,not_responsive,NaN,0
20260320,3,276,16,1,directional,294.724836724849,0.377108607098008
20260320,3,277,16.04,1,untuned,NaN,0.234149261409694
20260320,3,278,16.08,0,not_responsive,NaN,0
20260320,3,279,16.12,0,not_responsive,NaN,0
20260320,3,280,16.16,1,untuned,NaN,0.27830018583703
20260320,3,281,16.2,1,untuned,NaN,0.298411580356964
20260320,3,282,16.24,1,directional,306.293880260887,0.488905197920785
20260320,3,283,16.28,0,not_responsive,NaN,0
20260320,3,284,16.32,1,untuned,NaN,0.571466122288863
20260320,3,285,16.36,0,not_responsive,NaN,0
20260320,3,286,16.4,1,untuned,NaN,0.338350104471583
20260320,3,287,16.44,1,untuned,NaN,0.674225231224392
20260320,3,288,16.48,1,untuned,NaN,0.445184795901021
20260320,3,289,16.52,1,untuned,NaN,0.238603797740821
20260320,3,290,16.56,1,untuned,NaN,0.150611238119377
20260320,3,291,16.6,1,untuned,NaN,0.701417794711345
20260320,3,292,16.64,1,untuned,NaN,0.583511328805813
20260320,3,293,16.68,1,untuned,NaN,0.144436348616925
20260320,3,294,16.72,1,untuned,NaN,0.305697728804857
20260320,3,295,16.76,1,untuned,NaN,0.108584799286536
20260320,3,296,16.8,0,not_responsive,NaN,0
20260320,3,297,16.84,1,untuned,NaN,0.223642742435378
20260320,3,298,16.88,1,untuned,NaN,0.748802218076302
20260320,3,299,16.92,1,untuned,NaN,0.230331006304133
20260320,3,300,16.96,0,not_responsive,NaN,0
20260320,3,301,17,1,untuned,NaN,0.270740334272814
20260320,3,302,17.08,1,untuned,NaN,0.192292710495241
20260320,3,303,17.16,0,not_responsive,NaN,0
20260320,3,304,17.24,0,not_responsive,NaN,0
20260320,3,305,20.84,0,not_responsive,NaN,0
20260320,3,306,20.96,0,not_responsive,NaN,0
20260320,3,307,21.04,0,not_responsive,NaN,0
20260320,3,308,21.16,0,not_responsive,NaN,0
20260320,3,309,21.2,0,not_responsive,NaN,0
20260320,3,310,21.36,1,untuned,NaN,0.308261112047068
20260320,3,311,21.4,0,not_responsive,NaN,0
20260320,3,312,21.44,0,not_responsive,NaN,0
20260320,3,313,21.48,1,directional,220.276698914677,0.449296803337871
20260320,3,314,21.56,0,not_responsive,NaN,0
20260320,3,315,21.66,0,not_responsive,NaN,0
20260320,3,316,21.84,1,untuned,NaN,0.165026380974551
20260320,3,317,21.88,0,not_responsive,NaN,0
20260320,3,318,21.96,1,untuned,NaN,0.403336291382493
20260320,3,319,21.98,1,untuned,NaN,0.282589765904758
20260320,3,320,22.04,1,untuned,NaN,0.160247728112812
20260320,3,321,22.08,1,untuned,NaN,0.309437510493377
20260320,3,322,22.12,1,untuned,NaN,0.0196230757590687
20260320,3,323,22.16,1,untuned,NaN,0.160686790917465
20260320,3,324,22.24,1,directional,130.001853760801,0.360802511242625
20260320,3,325,22.26,1,directional,149.924259742863,0.28635852779662
20260320,3,326,22.28,1,untuned,NaN,0.128966375096553
20260320,3,327,22.3,1,untuned,NaN,0.157012417280575
20260320,3,328,22.34,1,untuned,NaN,0.169984832999602
20260320,3,329,22.4,1,untuned,NaN,0.161843388713013
20260320,3,330,22.46,1,directional,149.449727047094,0.302521061841588
20260320,3,331,22.52,1,untuned,NaN,0.19303907555046
20260320,3,332,22.54,1,directional,163.549192206177,0.369060151511318
20260320,3,333,22.58,1,directional,176.093277889937,0.257011700190044
20260320,3,334,22.62,1,directional,157.249698658757,0.353178413938288
20260320,3,335,22.66,1,directional,143.030588405942,0.386339720275157
20260320,3,336,22.72,1,directional,164.898131550426,0.417472563461982
20260320,3,337,22.76,1,untuned,NaN,0.193152365757392
20260320,3,338,22.8,1,untuned,NaN,0.317713148172092
20260320,3,339,22.82,1,untuned,NaN,0.147433536895076
20260320,3,340,22.84,1,untuned,NaN,0.347226368946707
20260320,3,341,22.88,0,not_responsive,NaN,0
20260320,3,342,22.9,1,untuned,NaN,0.167037636764188
20260320,3,343,22.92,1,untuned,NaN,0.205567777644547
20260320,3,344,22.96,1,directional,195.887878380008,0.382062060940738
20260320,3,345,23.04,0,not_responsive,NaN,0
20260320,3,346,23.08,1,untuned,NaN,0.30268451958522
20260320,3,347,23.12,1,untuned,NaN,0.251145150137909
20260320,3,348,23.16,1,untuned,NaN,0.242468101935774
20260320,3,349,23.2,1,untuned,NaN,0.136898811758937
20260320,3,350,23.28,1,untuned,NaN,0.228106114803382
20260320,3,351,23.36,1,untuned,NaN,0.183015691849829
20260320,3,352,24.72,1,untuned,NaN,0.221295247396796
20260320,3,353,24.96,1,untuned,NaN,0.155994999991051
20260320,3,354,25.08,0,not_responsive,NaN,0
20260320,3,355,25.12,1,untuned,NaN,0.156117944358444
20260320,3,356,25.16,0,not_responsive,NaN,0
20260320,3,357,25.36,0,not_responsive,NaN,0
20260320,3,358,25.44,0,not_responsive,NaN,0
20260320,3,359,25.48,1,untuned,NaN,0.0653167208418043
20260320,3,360,25.52,1,untuned,NaN,0.320463058004472
20260320,3,361,25.56,1,untuned,NaN,0.396279097255736
20260320,3,362,25.6,1,untuned,NaN,0.123044284959092
20260320,3,363,25.64,1,untuned,NaN,0.227163977612903
20260320,3,364,25.76,0,not_responsive,NaN,0
20260320,3,365,25.84,1,untuned,NaN,0.224555822858557
20260320,3,366,26.04,1,untuned,NaN,0.161936301602839
20260320,3,367,26.06,1,untuned,NaN,0.16429988367637
20260320,3,368,26.16,1,untuned,NaN,0.35031569668882
20260320,3,369,26.2,1,directional,156.173243043176,0.329141004629917
20260320,3,370,26.22,1,directional,167.122304508811,0.290450130263866
20260320,3,371,26.26,1,complex,NaN,0.221767054188541
20260320,3,372,26.32,1,directional,170.130119162205,0.277633268094323
20260320,3,373,26.4,1,directional,160.33813575552,0.339989950647558
20260320,3,374,26.44,1,directional,169.45417795304,0.284648095837102
20260320,3,375,26.48,1,directional,159.336936605771,0.339396982137387
20260320,3,376,26.52,1,directional,187.799309935165,0.264285315870201
20260320,3,377,26.54,1,directional,147.438848133214,0.396168844598601
20260320,3,378,26.58,1,directional,155.70398025635,0.35381766113152
20260320,3,379,26.62,1,directional,160.22424992652,0.33953507692341
20260320,3,380,26.7,0,not_responsive,NaN,0
20260320,3,381,26.78,0,not_responsive,NaN,0
20260320,3,382,26.82,1,untuned,NaN,0.404844257657993
20260320,3,383,26.84,0,not_responsive,NaN,0
20260320,3,384,26.86,1,directional,165.657518904751,0.495821264178916
20260323,3,1,0,1,untuned,NaN,0.205810856469756
20260323,3,2,0.02,1,untuned,NaN,0.473669997044236
20260323,3,3,0.04,1,untuned,NaN,0.330417313254558
20260323,3,4,0.06,1,untuned,NaN,0.185175453469926
20260323,3,5,0.08,1,untuned,NaN,0.216683237074075
20260323,3,6,0.1,1,directional,350.406646566872,0.379954681629152
20260323,3,7,0.12,1,untuned,NaN,0.171523696366603
20260323,3,8,0.14,1,untuned,NaN,0.140651191172897
20260323,3,9,0.16,1,directional,326.040901179538,0.200027992532063
20260323,3,10,0.18,1,untuned,NaN,0.140760410733625
20260323,3,11,0.2,1,untuned,NaN,0.0878773103979624
20260323,3,12,0.22,1,untuned,NaN,0.100379723665956
20260323,3,13,0.24,1,untuned,NaN,0.0719397316458132
20260323,3,14,0.26,1,untuned,NaN,0.0328522764650422
20260323,3,15,0.28,1,untuned,NaN,0.0965414534242722
20260323,3,16,0.3,1,untuned,NaN,0.0920696507124231
20260323,3,17,0.32,1,untuned,NaN,0.130739386126324
20260323,3,18,0.34,1,directional,308.106194177221,0.175602853034452
20260323,3,19,0.36,1,directional,282.372192338701,0.146062745287098
20260323,3,20,0.38,1,directional,297.463381296448,0.173277957595473
20260323,3,21,0.4,1,untuned,NaN,0.0662132234545562
20260323,3,22,0.42,1,untuned,NaN,0.0835489088779078
20260323,3,23,0.44,1,untuned,NaN,0.168265707525862
20260323,3,24,0.46,1,untuned,NaN,0.0896967778876739
20260323,3,25,0.48,1,untuned,NaN,0.0287098547172162
20260323,3,26,0.5,1,untuned,NaN,0.0388565087219074
20260323,3,27,0.52,1,untuned,NaN,0.0680932663623832
20260323,3,28,0.54,1,untuned,NaN,0.0770880949606072
20260323,3,29,0.56,1,untuned,NaN,0.063834365621022
20260323,3,30,0.58,1,untuned,NaN,0.0598677416543753
20260323,3,31,0.6,1,untuned,NaN,0.0492211564544968
20260323,3,32,0.62,1,complex,NaN,0.0965748476022739
20260323,3,33,0.64,1,directional,18.2676698187168,0.17967202573575
20260323,3,34,0.66,1,directional,9.49254678685966,0.334212300304981
20260323,3,35,0.68,1,directional,13.0982259438471,0.306729076981114
20260323,3,36,0.7,1,directional,5.60326557125531,0.446550779381622
20260323,3,37,0.72,1,untuned,NaN,0
20260323,3,38,0.74,1,untuned,NaN,0
20260323,3,39,0.76,1,directional,81.7486176722626,0.327553744278396
20260323,3,40,0.78,1,complex,NaN,0.146954255460339
20260323,3,41,0.8,1,untuned,NaN,0.737641403711187
20260323,3,42,0.82,1,untuned,NaN,0
20260323,3,43,0.84,1,complex,NaN,0.72657019302855
20260323,3,44,0.86,0,not_responsive,NaN,0
20260323,3,45,0.88,0,not_responsive,NaN,0
20260323,3,46,0.9,0,not_responsive,NaN,0
20260323,3,47,0.92,1,untuned,NaN,0.0613731886384895
20260323,3,48,0.94,1,untuned,NaN,0.0515738370169253
20260323,3,49,0.96,1,untuned,NaN,0.148232326970953
20260323,3,50,0.98,1,directional,305.356008859849,0.218251108601236
20260323,3,51,1,1,untuned,NaN,0.0486662829793819
20260323,3,52,1.02,1,directional,147.328656420366,0.287203374142368
20260323,3,53,1.04,1,untuned,NaN,0.183532936294366
20260323,3,54,1.06,1,untuned,NaN,0.571971897635975
20260323,3,55,1.08,1,untuned,NaN,0
20260323,3,56,1.1,1,untuned,NaN,0.727979898385464
20260323,3,57,1.12,0,not_responsive,NaN,0
20260323,3,58,1.14,1,directional,349.916167479578,0.426613842055869
20260323,3,59,1.16,1,directional,6.90190758920536,0.681348225864136
20260323,3,60,1.18,1,directional,357.582434883001,0.847232099016539
20260323,3,61,1.2,1,complex,NaN,0
20260323,3,62,1.22,1,complex,NaN,0
20260323,3,63,1.24,1,complex,NaN,0
20260323,3,64,1.26,1,untuned,NaN,0
20260323,3,65,1.28,1,untuned,NaN,0
20260323,3,66,1.3,1,untuned,NaN,0
20260323,3,67,1.32,1,untuned,NaN,0
20260323,3,68,1.34,1,complex,NaN,0.734619297789465
20260323,3,69,1.36,1,directional,165.409211375496,0.469954339720044
20260323,3,70,1.38,1,directional,171.951822633981,0.695865916733063
20260323,3,71,1.4,1,directional,170.205408807399,0.43068831022518
20260323,3,72,1.42,1,complex,NaN,0.613952196127408
20260323,3,73,1.44,1,complex,NaN,0.709710366448806
20260323,3,74,1.46,1,untuned,NaN,0.172268946779889
20260323,3,75,1.48,1,untuned,NaN,0.109495059569816
20260323,3,76,1.5,1,untuned,NaN,0.0193037738158115
20260323,3,77,1.52,1,untuned,NaN,0.106793036437607
20260323,3,78,1.54,1,untuned,NaN,0.125860972003088
20260323,3,79,1.56,1,directional,16.6191392482697,0.325861328291731
20260323,3,80,1.58,1,directional,11.345174593547,0.409720004247142
20260323,3,81,1.6,1,directional,345.099378736378,0.233820372695493
20260323,3,82,1.62,1,untuned,NaN,0.0842782636698064
20260323,3,83,1.64,1,untuned,NaN,0.0363326839597317
20260323,3,84,1.66,1,untuned,NaN,0.0299433149940951
20260323,3,85,1.68,0,not_responsive,NaN,0
20260323,3,86,1.7,1,untuned,NaN,0.128298090640355
20260323,3,87,1.72,1,untuned,NaN,0.015802092859266
20260323,3,88,1.74,1,untuned,NaN,0.104284928655864
20260323,3,89,1.76,1,untuned,NaN,0.197359861671486
20260323,3,90,1.78,1,untuned,NaN,0.230696691779455
20260323,3,91,1.8,1,untuned,NaN,0.0227702951866466
20260323,3,92,1.82,1,untuned,NaN,0.0727109157097296
20260323,3,93,1.84,1,untuned,NaN,0.221310148436666
20260323,3,94,1.86,1,untuned,NaN,0.0625710696395119
20260323,3,95,1.88,1,untuned,NaN,0.178371118037152
20260323,3,96,1.9,1,complex,NaN,0.189329013158066
20260323,3,97,1.92,1,untuned,NaN,0.14867628907952
20260323,3,98,1.94,1,complex,NaN,0.0684893208590385
20260323,3,99,1.96,1,untuned,NaN,0.103654868831255
20260323,3,100,1.98,1,complex,NaN,0.105153116924771
20260323,3,101,2,1,directional,143.877938503803,0.166199357798095
20260323,3,102,2.02,1,untuned,NaN,0.0955291747149966
20260323,3,103,2.04,1,untuned,NaN,0.0718598927435309
20260323,3,104,2.06,1,untuned,NaN,0.126255307243293
20260323,3,105,2.08,1,untuned,NaN,0.114698276394978
20260323,3,106,2.1,1,untuned,NaN,0.112878267718817
20260323,3,107,2.12,1,untuned,NaN,0.145050614458659
20260323,3,108,2.14,1,untuned,NaN,0.138870248268803
20260323,3,109,2.16,1,untuned,NaN,0.0520191736027064
20260323,3,110,2.18,1,untuned,NaN,0.13941037421578
20260323,3,111,2.2,1,untuned,NaN,0.147314661454369
20260323,3,112,2.22,1,complex,NaN,0.0846534275025507
20260323,3,113,2.24,1,untuned,NaN,0.0191474899200904
20260323,3,114,2.26,1,untuned,NaN,0.0787528626901414
20260323,3,115,2.28,1,untuned,NaN,0.0969173479784346
20260323,3,116,2.3,1,directional,92.9506617102612,0.121354687624443
20260323,3,117,2.32,1,untuned,NaN,0.143253002358856
20260323,3,118,2.34,1,complex,NaN,0.126418193175526
20260323,3,119,2.36,1,untuned,NaN,0.134707323522667
20260323,3,120,2.38,1,directional,134.257393119855,0.172075035752359
20260323,3,121,2.4,1,untuned,NaN,0.122861860677424
20260323,3,122,2.42,1,untuned,NaN,0.0900300719090877
20260323,3,123,2.44,1,untuned,NaN,0.0712592157937542
20260323,3,124,2.46,1,untuned,NaN,0.0891571468810399
20260323,3,125,2.48,1,untuned,NaN,0.108762443376309
20260323,3,126,2.5,1,untuned,NaN,0.0382272435562037
20260323,3,127,2.52,1,untuned,NaN,0.0870981865436516
20260323,3,128,2.54,1,untuned,NaN,0.125119120851092
20260323,3,129,2.56,1,untuned,NaN,0.130802966018613
20260323,3,130,2.58,1,untuned,NaN,0.161686411797866
20260323,3,131,2.6,1,complex,NaN,0.169544717807313
20260323,3,132,2.62,1,untuned,NaN,0.192854346003026
20260323,3,133,2.64,1,untuned,NaN,0.136820331529344
20260323,3,134,2.66,1,untuned,NaN,0.161808119921376
20260323,3,135,2.68,1,directional,129.784726113021,0.197878512953148
20260323,3,136,2.7,1,directional,138.34605317243,0.209353348454739
20260323,3,137,2.72,1,untuned,NaN,0.163150496885825
20260323,3,138,2.74,1,untuned,NaN,0.150921748046941
20260323,3,139,2.76,1,untuned,NaN,0.124297047062397
20260323,3,140,2.78,1,untuned,NaN,0.168162766237785
20260323,3,141,2.8,1,untuned,NaN,0.122334974374216
20260323,3,142,2.82,1,untuned,NaN,0.162618578885535
20260323,3,143,2.84,1,untuned,NaN,0.163869932615511
20260323,3,144,2.86,1,untuned,NaN,0.0977710069882336
20260323,3,145,2.88,1,untuned,NaN,0.153577412521208
20260323,3,146,2.9,1,directional,103.974121262729,0.146760505745957
20260323,3,147,2.92,1,directional,87.6972976190438,0.161173330022355
20260323,3,148,2.94,1,directional,116.231441892785,0.215009888396944
20260323,3,149,2.96,1,directional,95.5336734646213,0.241395158847026
20260323,3,150,2.98,1,untuned,NaN,0.16249466076645
20260323,3,151,3,1,complex,NaN,0.156713868767895
20260323,3,152,3.02,1,complex,NaN,0.158381629307263
20260323,3,153,3.04,1,directional,116.152777983879,0.195623337414267
20260323,3,154,3.06,1,directional,116.96339011601,0.177666615939035
20260323,3,155,3.08,1,directional,109.915322553004,0.199762889506392
20260323,3,156,3.1,1,untuned,NaN,0.133469945979427
20260323,3,157,3.12,1,directional,113.730635900489,0.179915948476639
20260323,3,158,3.14,1,complex,NaN,0.15044350713189
20260323,3,159,3.16,1,directional,104.273648812169,0.175642553274727
20260323,3,160,3.18,1,directional,94.064195927387,0.196449833117562
20260323,3,161,3.2,1,directional,124.764233066736,0.222589705640249
20260323,3,162,3.22,1,directional,99.1534826077024,0.166460691699531
20260323,3,163,3.24,1,directional,105.494045536831,0.20648784909975
20260323,3,164,3.26,1,untuned,NaN,0.161808753593392
20260323,3,165,3.28,1,untuned,NaN,0.199071573654605
20260323,3,166,3.3,1,untuned,NaN,0.261697371932553
20260323,3,167,3.32,1,directional,100.016155163001,0.452804987396248
20260323,3,168,3.34,1,directional,94.862597987952,0.363331836971868
20260323,3,169,3.36,1,untuned,NaN,0.226512959194137
20260323,3,170,3.38,1,untuned,NaN,0.104306652824775
20260323,3,171,3.4,1,untuned,NaN,0.0751882133257593
20260323,3,172,3.42,1,untuned,NaN,0.114138826752442
20260323,3,173,3.44,1,untuned,NaN,0.0921997049876761
20260323,3,174,3.46,1,untuned,NaN,0.184427075247621
20260323,3,175,3.48,1,untuned,NaN,0.0784035897185523
20260323,3,176,3.5,1,untuned,NaN,0.214710072307406
20260323,3,177,3.52,1,directional,133.234692036603,0.197914376970781
20260323,3,178,3.54,1,directional,132.894911278279,0.262645774919485
20260323,3,179,3.56,1,directional,129.001250757216,0.2792889356222
20260323,3,180,3.58,1,directional,130.810152463541,0.274304990227278
20260323,3,181,3.6,1,untuned,NaN,0.194193382365993
20260323,3,182,3.62,1,directional,169.783818914862,0.151069235428714
20260323,3,183,3.64,1,directional,145.619122878538,0.259777272410271
20260323,3,184,3.66,1,directional,130.3840719086,0.21167019650779
20260323,3,185,3.68,1,directional,76.917268001273,0.163723192467937
20260323,3,186,3.7,1,directional,110.136455597807,0.240108207261367
20260323,3,187,3.72,1,untuned,NaN,0.130628734598181
20260323,3,188,3.74,1,untuned,NaN,0.167610902927757
20260323,3,189,3.76,1,untuned,NaN,0.138854359694834
20260323,3,190,3.78,1,untuned,NaN,0.138087158200057
20260323,3,191,3.8,1,untuned,NaN,0.102898833016539
20260323,3,192,3.82,1,directional,119.053433336562,0.19849548152878
20260323,3,193,3.84,1,untuned,NaN,0.200059856036368
20260323,3,194,3.86,1,untuned,NaN,0.197436374523438
20260323,3,195,3.88,1,directional,309.988360108066,0.264402550761617
20260323,3,196,3.9,1,untuned,NaN,0.203019141112897
20260323,3,197,3.92,1,untuned,NaN,0.227548291696653
20260323,3,198,3.94,1,untuned,NaN,0.193545135675983
20260323,3,199,3.96,1,untuned,NaN,0.172696314271056
20260323,3,200,3.98,1,untuned,NaN,0.1493521619521
20260323,3,201,4,1,complex,NaN,0.132262844799331
20260323,3,202,4.02,1,complex,NaN,0.0792791524901634
20260323,3,203,4.04,1,complex,NaN,0.104097062541321
20260323,3,204,4.06,1,untuned,NaN,0.0962898307670074
20260323,3,205,4.08,1,untuned,NaN,0.110502399490285
20260323,3,206,4.1,1,complex,NaN,0.0816567248551947
20260323,3,207,4.12,1,complex,NaN,0.153841479722682
20260323,3,208,4.14,1,untuned,NaN,0.163866857603454
20260323,3,209,4.16,1,complex,NaN,0.212765487949748
20260323,3,210,4.18,1,untuned,NaN,0.151983432092323
20260323,3,211,4.2,1,directional,171.138089594242,0.19317151770224
20260323,3,212,4.22,1,complex,NaN,0.466896864580505
20260323,3,213,4.24,1,complex,NaN,0.590833967891275
20260323,3,214,4.26,1,complex,NaN,0.508424841886961
20260323,3,215,4.28,1,untuned,NaN,0.167444418410401
20260323,3,216,4.3,1,untuned,NaN,0.132549128412257
20260323,3,217,4.32,1,untuned,NaN,0.178618826791962
20260323,3,218,4.34,1,untuned,NaN,0.133572479143435
20260323,3,219,4.36,1,directional,211.416836880385,0.194222061524172
20260323,3,220,4.38,1,untuned,NaN,0.113576691895499
20260323,3,221,4.4,1,untuned,NaN,0.081340796289837
20260323,3,222,4.42,1,untuned,NaN,0.167493565044203
20260323,3,223,4.44,1,directional,268.537553895545,0.21541604693957
20260323,3,224,4.46,1,directional,290.219784604867,0.251152824639742
20260323,3,225,4.48,1,directional,284.251838741033,0.292399414713565
20260323,3,226,4.5,1,directional,274.258530708633,0.38619623961344
20260323,3,227,4.52,1,directional,279.566904433832,0.180993503606158
20260323,3,228,4.54,1,untuned,NaN,0.132456591676433
20260323,3,229,4.56,1,untuned,NaN,0.155888502228742
20260323,3,230,4.58,1,untuned,NaN,0.0821975212309442
20260323,3,231,4.6,1,untuned,NaN,0.167883122537434
20260323,3,232,4.62,1,complex,NaN,0.107139583194799
20260323,3,233,4.64,1,untuned,NaN,0.0983334142504555
20260323,3,234,4.66,1,untuned,NaN,0.031657789805342
20260323,3,235,4.68,1,untuned,NaN,0.103118200738352
20260323,3,236,4.7,1,untuned,NaN,0.158671418698431
20260323,3,237,4.72,1,untuned,NaN,0.0459104016171427
20260323,3,238,4.74,1,untuned,NaN,0.144176384490663
20260323,3,239,4.76,1,untuned,NaN,0.14570730512654
20260323,3,240,4.78,1,untuned,NaN,0.228919911667385
20260323,3,241,4.8,1,untuned,NaN,0.156327232703804
20260323,3,242,4.82,1,untuned,NaN,0.0594385376501654
20260323,3,243,4.84,1,directional,271.492071675763,0.215044112240796
20260323,3,244,4.86,1,untuned,NaN,0.0263283318899743
20260323,3,245,4.88,1,untuned,NaN,0.0800936490457517
20260323,3,246,4.9,1,untuned,NaN,0.108127155570285
20260323,3,247,4.92,1,directional,238.903557159211,0.228909081461005
20260323,3,248,4.94,1,untuned,NaN,0.107384286206172
20260323,3,249,4.96,1,directional,184.950909502665,0.219022419930156
20260323,3,250,4.98,1,directional,162.088306154511,0.421648162849303
20260323,3,251,5,1,directional,158.155845233958,0.485998835473017
20260323,3,252,5.02,1,directional,155.596972716914,0.481043339396442
20260323,3,253,5.04,1,directional,157.132157894855,0.43945063819458
20260323,3,254,5.06,1,directional,156.790803322891,0.39954575653402
20260323,3,255,5.08,1,directional,155.596434730508,0.319507455251183
20260323,3,256,5.1,1,complex,NaN,0.14511812711339
20260323,3,257,5.12,1,complex,NaN,0.131512369229458
20260323,3,258,5.14,1,complex,NaN,0.0770103222995576
20260323,3,259,5.16,1,untuned,NaN,0.120163635061107
20260323,3,260,5.18,1,directional,140.074309909078,0.157804458926018
20260323,3,261,5.2,1,untuned,NaN,0.104823076950621
20260323,3,262,5.22,1,directional,144.790209509192,0.292070842928775
20260323,3,263,5.24,1,directional,145.423300355253,0.461931141811806
20260323,3,264,5.26,1,directional,142.836935455688,0.2997291227299
20260323,3,265,5.28,1,directional,151.562537483632,0.20306169483369
20260323,3,266,5.3,1,untuned,NaN,0.148971003389024
20260323,3,267,5.32,1,untuned,NaN,0.163459301216231
20260323,3,268,5.34,1,untuned,NaN,0.329759404605799
20260323,3,269,5.36,1,untuned,NaN,0.185836301360325
20260323,3,270,5.38,1,directional,245.986117439816,0.223392516454486
20260323,3,271,5.4,1,complex,NaN,0.140866979248436
20260323,3,272,5.42,1,complex,NaN,0.103234800600093
20260323,3,273,5.44,1,untuned,NaN,0.0664772818429463
20260323,3,274,5.46,1,untuned,NaN,0.0666292523308004
20260323,3,275,5.48,1,directional,170.551228491022,0.141563679614712
20260323,3,276,5.5,1,directional,163.679280022439,0.257668081366658
20260323,3,277,5.52,1,directional,155.172560224895,0.296710015057478
20260323,3,278,5.54,1,directional,149.755901390904,0.151970313509656
20260323,3,279,5.56,1,directional,139.30073304237,0.183695965100902
20260323,3,280,5.58,1,directional,136.720757309164,0.179393511306551
20260323,3,281,5.6,1,directional,136.452431612605,0.154045246406342
20260323,3,282,5.62,1,directional,190.331332347403,0.112984359753348
20260323,3,283,5.64,1,directional,197.104734839562,0.119663528250373
20260323,3,284,5.66,1,directional,207.391871701413,0.136398465529388
20260323,3,285,5.68,1,directional,221.9040167372,0.158278661234467
20260323,3,286,5.7,1,directional,202.082409342274,0.168906320242989
20260323,3,287,5.72,1,directional,182.422171197318,0.137689739591137
20260323,3,288,5.74,1,untuned,NaN,0.138577622376115
20260323,3,289,5.76,1,untuned,NaN,0.101168642346753
20260323,3,290,5.78,1,directional,155.896593265485,0.132675899010754
20260323,3,291,5.8,1,untuned,NaN,0.0631697979697624
20260323,3,292,5.82,1,untuned,NaN,0.0531044746040714
20260323,3,293,5.84,1,untuned,NaN,0.0608682165694299
20260323,3,294,5.86,1,untuned,NaN,0.0921645241280445
20260323,3,295,5.88,1,untuned,NaN,0.0696362691181413
20260323,3,296,5.9,1,untuned,NaN,0.10050617308834
20260323,3,297,5.92,1,untuned,NaN,0.13324440833129
20260323,3,298,5.94,1,untuned,NaN,0.185250230947401
20260323,3,299,5.96,1,untuned,NaN,0.0127844833931328
20260323,3,300,5.98,1,complex,NaN,0.0229331330664457
20260323,3,301,6,1,untuned,NaN,0.0219582762891451
20260323,3,302,6.02,1,untuned,NaN,0.065358214795535
20260323,3,303,6.04,1,directional,108.334676766228,0.124091525970521
20260323,3,304,6.06,1,directional,141.733073991618,0.112791288365983
20260323,3,305,6.08,1,directional,150.849466050826,0.144528582550275
20260323,3,306,6.1,1,directional,145.303735736128,0.156325087375913
20260323,3,307,6.12,1,directional,152.571662018653,0.15560886808904
20260323,3,308,6.14,1,directional,149.064762797929,0.159223116191609
20260323,3,309,6.16,1,directional,145.541347977162,0.168514668841669
20260323,3,310,6.18,1,directional,141.387611865041,0.176546180365605
20260323,3,311,6.2,1,directional,150.805448594865,0.168840547506922
20260323,3,312,6.22,1,directional,163.2891098015,0.137772622518791
20260323,3,313,6.24,1,directional,154.622459015199,0.145585660180955
20260323,3,314,6.26,1,directional,151.054802289991,0.164567919771125
20260323,3,315,6.28,1,directional,140.660006270767,0.184869452984823
20260323,3,316,6.3,1,directional,141.643159634054,0.222727915960706
20260323,3,317,6.32,1,directional,132.042837844026,0.236204331893914
20260323,3,318,6.34,1,directional,123.938701270557,0.344860375809292
20260323,3,319,6.36,1,directional,130.295490636666,0.364381537438701
20260323,3,320,6.38,1,directional,129.553928300887,0.370487196875421
20260323,3,321,6.4,1,directional,128.626951523014,0.394819867947529
20260323,3,322,6.42,1,directional,127.512311553441,0.437185608994029
20260323,3,323,6.44,1,directional,126.455423269436,0.405418141590093
20260323,3,324,6.46,1,directional,127.62811234801,0.386549272213411
20260323,3,325,6.48,1,directional,125.947384531433,0.343498526134962
20260323,3,326,6.5,1,directional,121.655987189189,0.277383116341499
20260323,3,327,6.52,1,directional,116.865168865696,0.223190881089863
20260323,3,328,6.54,1,directional,113.751538802381,0.222338539208906
20260323,3,329,6.56,1,directional,107.656398094903,0.265362651913451
20260323,3,330,6.58,1,directional,107.157950843428,0.311402205157692
20260323,3,331,6.6,1,directional,109.452350590945,0.307152402643997
20260323,3,332,6.62,1,directional,113.367821419784,0.271529868650583
20260323,3,333,6.64,1,directional,111.384980936637,0.249233944793365
20260323,3,334,6.66,1,directional,111.832454786166,0.263561548393047
20260323,3,335,6.68,1,directional,111.124892487108,0.308748286675022
20260323,3,336,6.7,1,directional,101.071649640722,0.277076380907211
20260323,3,337,6.72,1,complex,NaN,0.266650565995358
20260323,3,338,6.74,1,complex,NaN,0.264473299954431
20260323,3,339,6.76,1,complex,NaN,0.273375006531098
20260323,3,340,6.78,1,complex,NaN,0.295049999008513
20260323,3,341,6.8,1,complex,NaN,0.285622729604122
20260323,3,342,6.82,1,complex,NaN,0.261864095719875
20260323,3,343,6.84,1,directional,85.4517058892953,0.269427778697498
20260323,3,344,6.86,1,complex,NaN,0.264230649626545
20260323,3,345,6.88,1,complex,NaN,0.256432160862676
20260323,3,346,6.9,1,complex,NaN,0.23925505712559
20260323,3,347,6.92,1,complex,NaN,0.199975498248067
20260323,3,348,6.94,1,directional,78.6989129096636,0.196046368894954
20260323,3,349,6.96,1,directional,77.7330491994581,0.234909711681298
20260323,3,350,6.98,1,complex,NaN,0.135649650585056
20260323,3,351,7,1,complex,NaN,0.0852205279183846
20260323,3,352,7.02,1,complex,NaN,0.0493348193025164
20260323,3,353,7.04,1,complex,NaN,0.0780574081421204
20260323,3,354,7.06,1,complex,NaN,0.109155805235299
20260323,3,355,7.08,1,complex,NaN,0.106021508322337
20260323,3,356,7.1,1,complex,NaN,0.118323289705281
20260323,3,357,7.12,1,complex,NaN,0.0872084923016998
20260323,3,358,7.14,1,complex,NaN,0.0536169186617463
20260323,3,359,7.16,1,complex,NaN,0.0463600449739963
20260323,3,360,7.18,1,complex,NaN,0.134086223626233
20260323,3,361,7.2,1,complex,NaN,0.132223652837988
20260323,3,362,7.22,1,directional,55.9215337595102,0.160480504563162
20260323,3,363,7.24,1,directional,60.6296510487862,0.151031134895414
20260323,3,364,7.26,1,complex,NaN,0.1557775746317
20260323,3,365,7.28,1,directional,85.1835966122947,0.190234888342419
20260323,3,366,7.3,1,directional,88.2714247568929,0.161519768376021
20260323,3,367,7.32,1,complex,NaN,0.129035707799269
20260323,3,368,7.34,1,complex,NaN,0.0704254065824926
20260323,3,369,7.36,1,complex,NaN,0.0810495288249853
20260323,3,370,7.38,1,directional,67.4719452119853,0.150496264674127
20260323,3,371,7.4,1,directional,64.624210039959,0.194210731231072
20260323,3,372,7.42,1,directional,82.3458498867041,0.208180521129351
20260323,3,373,7.44,1,directional,88.2767435220873,0.184144818581184
20260323,3,374,7.46,1,directional,84.3918340422023,0.158551417986609
20260323,3,375,7.48,1,complex,NaN,0.125491295621827
20260323,3,376,7.5,1,complex,NaN,0.102476685835822
20260323,3,377,7.52,1,untuned,NaN,0.0962158795371928
20260323,3,378,7.54,1,complex,NaN,0.162413775545069
20260323,3,379,7.56,1,complex,NaN,0.093543878840457
20260323,3,380,7.58,1,untuned,NaN,0.104247071236632
20260323,3,381,7.6,1,untuned,NaN,0.242948181392183
20260323,3,382,7.62,0,not_responsive,NaN,0
20260323,3,383,7.64,0,not_responsive,NaN,0
20260323,3,384,7.66,1,untuned,NaN,0.176630393885554
20260324,3,1,0.02,1,untuned,NaN,0.120881784313625
20260324,3,2,0.06,1,untuned,NaN,0.213913407418814
20260324,3,3,0.12,1,untuned,NaN,0.259520118281208
20260324,3,4,0.16,1,untuned,NaN,0.279788566582081
20260324,3,5,0.18,1,complex,NaN,0.110419612288071
20260324,3,6,0.2,1,untuned,NaN,0.142440766346048
20260324,3,7,0.24,1,untuned,NaN,0.131056364153438
20260324,3,8,0.28,1,untuned,NaN,0.22252559205837
20260324,3,9,0.3,1,untuned,NaN,0.161168855186689
20260324,3,10,0.32,1,untuned,NaN,0.256866756624814
20260324,3,11,0.36,1,untuned,NaN,0.116218251218102
20260324,3,12,0.36,1,untuned,NaN,0.476733153050651
20260324,3,13,0.4,1,untuned,NaN,0.149610501108375
20260324,3,14,0.44,1,untuned,NaN,0.0704660581871693
20260324,3,15,0.48,1,complex,NaN,0.0967214191293341
20260324,3,16,0.52,1,complex,NaN,0.181746075183388
20260324,3,17,0.56,1,untuned,NaN,0.357075019268528
20260324,3,18,0.6,1,untuned,NaN,0.392202245583899
20260324,3,19,0.64,1,untuned,NaN,0.00860602874060322
20260324,3,20,0.68,1,complex,NaN,0.0553659659617532
20260324,3,21,0.74,1,complex,NaN,0.104553035538467
20260324,3,22,0.74,1,complex,NaN,0.0530288539496157
20260324,3,23,0.78,1,complex,NaN,0.0774269401390214
20260324,3,24,0.8,1,complex,NaN,0.152523149750858
20260324,3,25,0.84,1,complex,NaN,0.233730689549469
20260324,3,26,0.88,1,untuned,NaN,0.211911913807659
20260324,3,27,0.9,1,untuned,NaN,0.0737983377327229
20260324,3,28,0.94,1,untuned,NaN,0.030255273592698
20260324,3,29,0.94,1,untuned,NaN,0.0636268685159641
20260324,3,30,0.98,1,untuned,NaN,0.157708456836247
20260324,3,31,0.98,1,directional,158.060652326267,0.662713285676482
20260324,3,32,1.02,1,untuned,NaN,0
20260324,3,33,1.06,1,untuned,NaN,0
20260324,3,34,1.08,1,directional,162.868051692271,0.889496523287352
20260324,3,35,1.1,1,untuned,NaN,0.926690249156041
20260324,3,36,1.14,1,untuned,NaN,0.927605772254704
20260324,3,37,1.16,1,directional,175.38575870311,0.3254602734887
20260324,3,38,1.22,1,untuned,NaN,0.211538755990603
20260324,3,39,1.28,1,untuned,NaN,0.0337031562324358
20260324,3,40,1.3,1,complex,NaN,0.125835092198372
20260324,3,41,1.32,1,directional,197.830967475736,0.126860188515527
20260324,3,42,1.38,1,directional,213.547168463086,0.187923026614193
20260324,3,43,1.42,1,directional,195.870036041994,0.0971835139352158
20260324,3,44,1.46,1,untuned,NaN,0.0931469288707246
20260324,3,45,1.5,1,directional,36.5532977458679,0.0971196308863482
20260324,3,46,1.54,1,untuned,NaN,0.0562500392800544
20260324,3,47,1.58,1,untuned,NaN,0.0763686743454608
20260324,3,48,1.64,1,complex,NaN,0.0657848053600117
20260324,3,49,1.66,1,directional,141.91771966276,0.117735092565975
20260324,3,50,1.68,1,directional,138.118121977951,0.0818489629683608
20260324,3,51,1.74,1,directional,174.746202971479,0.152006756846062
20260324,3,52,1.8,1,directional,175.252692168751,0.184024783339878
20260324,3,53,1.86,1,directional,176.987628872646,0.256980738963535
20260324,3,54,1.9,1,directional,186.24665758736,0.295086841007668
20260324,3,55,1.94,1,directional,187.37333970694,0.255091901413227
20260324,3,56,1.98,1,directional,187.905131705046,0.213220368049832
20260324,3,57,2.02,1,directional,202.191684161847,0.0906243356732982
20260324,3,58,2.08,1,complex,NaN,0.0465015545804025
20260324,3,59,2.12,1,untuned,NaN,0.0359344467597524
20260324,3,60,2.18,1,untuned,NaN,0.0508390937116521
20260324,3,61,2.22,1,untuned,NaN,0.0917607467418637
20260324,3,62,2.28,1,directional,128.834228522953,0.133140345856137
20260324,3,63,2.34,1,directional,115.404144333249,0.128754824591711
20260324,3,64,2.36,1,directional,137.327981862436,0.346463679710891
20260324,3,65,2.38,1,directional,111.007632917706,0.393618831799473
20260324,3,66,2.42,1,directional,133.377771907279,0.383477643646747
20260324,3,67,2.42,1,directional,139.234057158345,0.390129079141262
20260324,3,68,2.48,1,directional,128.268863305734,0.53472058139334
20260324,3,69,2.52,1,directional,132.812247535739,0.483768586446959
20260324,3,70,2.56,1,directional,137.153403857625,0.460134064637358
20260324,3,71,2.6,1,directional,153.193418309797,0.288124041093875
20260324,3,72,2.62,1,directional,133.181031859659,0.368308402645599
20260324,3,73,2.64,1,directional,166.444703820955,0.372533257087402
20260324,3,74,2.68,1,directional,168.579097794303,0.232033515528835
20260324,3,75,2.74,1,directional,159.544341384618,0.155813664978358
20260324,3,76,2.8,1,directional,182.42195568521,0.132646343734818
20260324,3,77,2.82,1,untuned,NaN,0.114194095083625
20260324,3,78,2.86,1,directional,127.440021084516,0.153737642805445
20260324,3,79,2.9,1,directional,155.879530367764,0.161672639697804
20260324,3,80,2.94,1,directional,159.547867407864,0.111376230730567
20260324,3,81,3,1,directional,174.202468824066,0.138976802045556
20260324,3,82,3.04,1,untuned,NaN,0.126458764044085
20260324,3,83,3.06,1,untuned,NaN,0.136989103318881
20260324,3,84,3.08,1,untuned,NaN,0.256969966093667
20260324,3,85,3.14,1,directional,176.137181279519,0.196399790825894
20260324,3,86,3.14,1,directional,191.358186610312,0.246644900099962
20260324,3,87,3.2,1,directional,179.700804953356,0.226482416136734
20260324,3,88,3.26,1,directional,172.53010324696,0.221227803162052
20260324,3,89,3.32,1,directional,179.369763413903,0.216445727591809
20260324,3,90,3.36,1,directional,187.652239064618,0.649034898362474
20260324,3,91,3.4,1,directional,183.771533143145,0.768807783933687
20260324,3,92,3.46,1,directional,196.155318327352,0.315218026848297
20260324,3,93,3.5,1,directional,218.976760799447,0.245319591926843
20260324,3,94,3.54,1,directional,240.570145214806,0.29311914844492
20260324,3,95,3.58,1,directional,174.793709596847,0.192368466455838
20260324,3,96,3.64,1,directional,76.0721641342205,0.347191110272131
20260324,3,97,3.68,1,untuned,NaN,0.319799361709506
20260324,3,98,3.68,1,directional,194.657732455695,0.150121064928958
20260324,3,99,3.7,1,directional,239.81918278621,0.275262422197831
20260324,3,100,3.72,1,untuned,NaN,0.256505958618466
20260324,3,101,3.72,1,directional,235.400674061208,0.226047785172147
20260324,3,102,3.76,1,directional,39.7604268787105,0.371080865993387
20260324,3,103,3.8,0,not_responsive,NaN,0
20260324,3,104,3.84,1,untuned,NaN,0.185337600752286
20260324,3,105,3.86,0,not_responsive,NaN,0
20260324,3,106,3.88,0,not_responsive,NaN,0
20260324,3,107,3.9,0,not_responsive,NaN,0
20260324,3,108,3.94,0,not_responsive,NaN,0
20260324,3,109,3.96,0,not_responsive,NaN,0
20260324,3,110,3.98,0,not_responsive,NaN,0
20260324,3,111,4.02,0,not_responsive,NaN,0
20260324,3,112,4.06,1,untuned,NaN,0.185209445356211
20260324,3,113,4.12,1,untuned,NaN,0.159332724727911
20260324,3,114,4.18,1,untuned,NaN,0.0849667324532271
20260324,3,115,4.18,1,untuned,NaN,0.0725684770301444
20260324,3,116,4.22,1,untuned,NaN,0.0617594958306156
20260324,3,117,4.22,1,untuned,NaN,0.0803158814942071
20260324,3,118,4.24,1,untuned,NaN,0.0830241120135178
20260324,3,119,4.26,1,untuned,NaN,0.0870475748627362
20260324,3,120,4.3,1,untuned,NaN,0.000899420601964812
20260324,3,121,4.34,1,untuned,NaN,0.0982525980657759
20260324,3,122,4.38,1,directional,255.626283012377,0.143760245690678
20260324,3,123,4.42,1,directional,266.624307943134,0.122553020984811
20260324,3,124,4.42,1,directional,236.35960071735,0.13529813684976
20260324,3,125,4.44,1,directional,228.774520384371,0.166862626634621
20260324,3,126,4.48,1,directional,246.884137133111,0.10282539322053
20260324,3,127,4.5,1,directional,243.256071523917,0.148982810808315
20260324,3,128,4.54,1,directional,266.770172351356,0.158371463372615
20260324,3,129,4.6,1,directional,263.242877555502,0.282121840681966
20260324,3,130,4.64,1,directional,262.769746638983,0.253901663898589
20260324,3,131,4.68,1,directional,222.242556847873,0.224882972336624
20260324,3,132,4.7,1,directional,248.684629798208,0.128366465931393
20260324,3,133,4.74,1,directional,242.116534237811,0.163258827866379
20260324,3,134,4.76,1,directional,210.065674092564,0.0964863614602497
20260324,3,135,4.8,1,directional,222.778179476724,0.199505555957951
20260324,3,136,4.84,1,directional,220.484173629221,0.175778832106838
20260324,3,137,4.84,1,directional,184.140828409952,0.091673809170758
20260324,3,138,4.86,1,complex,NaN,0.0618442486201451
20260324,3,139,4.88,1,directional,209.319603452637,0.168242293813098
20260324,3,140,4.92,1,directional,196.191884724672,0.105496209228448
20260324,3,141,4.94,1,complex,NaN,0.0682679619858151
20260324,3,142,4.96,1,directional,196.717713096559,0.114670001260659
20260324,3,143,4.98,1,complex,NaN,0.0829273421773069
20260324,3,144,5.02,1,complex,NaN,0.0659042199368223
20260324,3,145,5.02,1,directional,145.488194871826,0.113912851453679
20260324,3,146,5.1,1,untuned,NaN,0.0271653019756405
20260324,3,147,5.14,1,complex,NaN,0.0551784918288339
20260324,3,148,5.18,1,untuned,NaN,0.0561486969872721
20260324,3,149,5.2,1,directional,79.0790106762985,0.210255423094102
20260324,3,150,5.22,1,untuned,NaN,0.0704082403376926
20260324,3,151,5.24,1,directional,82.1792947237251,0.249876005305234
20260324,3,152,5.28,1,directional,84.2214394672374,0.279174505636511
20260324,3,153,5.32,1,directional,110.997208986553,0.388796302142716
20260324,3,154,5.36,1,directional,115.350217043062,0.332081048459526
20260324,3,155,5.4,1,directional,101.744027824961,0.280076861834152
20260324,3,156,5.4,1,directional,92.0847165020719,0.181876991860386
20260324,3,157,5.46,1,directional,114.28328591836,0.464184192097676
20260324,3,158,5.5,1,directional,102.116680312203,0.421863625404656
20260324,3,159,5.54,1,directional,88.2470293258529,0.637259388323134
20260324,3,160,5.54,1,directional,105.891645556854,0.571689565451169
20260324,3,161,5.62,1,untuned,NaN,0
20260324,3,162,5.66,1,untuned,NaN,0
20260324,3,163,5.68,1,directional,83.9753846150443,0.604800957780487
20260324,3,164,5.72,1,directional,101.768534405733,0.315369499800933
20260324,3,165,5.76,1,directional,94.9783696722031,0.186308202112922
20260324,3,166,5.78,1,directional,97.3211597566528,0.280137186941655
20260324,3,167,5.8,1,directional,104.063498143939,0.15724633347262
20260324,3,168,5.82,1,directional,98.0059667233734,0.297484423571709
20260324,3,169,5.84,1,directional,110.23384619065,0.138896637655731
20260324,3,170,5.88,1,directional,122.33972331467,0.171970750054918
20260324,3,171,5.94,1,directional,126.545914011185,0.14744801728793
20260324,3,172,5.98,1,directional,137.299982019183,0.125833736258949
20260324,3,173,6,1,directional,102.273323454542,0.177504320572279
20260324,3,174,6.04,1,complex,NaN,0.090510444549003
20260324,3,175,6.1,1,directional,39.9033714956676,0.123839960634727
20260324,3,176,6.14,1,directional,55.8385806129137,0.115056682604805
20260324,3,177,6.2,1,complex,NaN,0.0730408593945137
20260324,3,178,6.24,1,directional,108.119978971835,0.10146754170223
20260324,3,179,6.28,1,directional,104.562520215581,0.0941358081899804
20260324,3,180,6.28,1,untuned,NaN,0.0741122139014316
20260324,3,181,6.34,1,untuned,NaN,0.121073329787288
20260324,3,182,6.38,1,untuned,NaN,0.0753670872756773
20260324,3,183,6.42,1,complex,NaN,0.0879436766207089
20260324,3,184,6.46,1,directional,112.916608799337,0.16440581830417
20260324,3,185,9,1,untuned,NaN,0.0826197104925694
20260324,3,186,9.04,1,directional,133.861665014302,0.492749628165775
20260324,3,187,9.08,1,untuned,NaN,0.143728816221898
20260324,3,188,9.12,1,untuned,NaN,0.226645732770045
20260324,3,189,9.16,1,directional,106.385543106639,0.309705469052837
20260324,3,190,9.2,1,directional,125.661631473913,0.291169853555596
20260324,3,191,9.26,1,untuned,NaN,0.156554240554505
20260324,3,192,9.32,1,directional,64.6097668895421,0.415094821857881
20260324,3,193,9.36,1,untuned,NaN,0.336082645519566
20260324,3,194,9.42,1,untuned,NaN,0.242801373719363
20260324,3,195,9.46,1,untuned,NaN,0.118924115885474
20260324,3,196,9.5,1,untuned,NaN,0.167936879596534
20260324,3,197,9.54,1,untuned,NaN,0.259607108409377
20260324,3,198,9.58,1,directional,144.211228068213,0.263694598101678
20260324,3,199,9.64,1,directional,98.3089209909854,0.407105015969493
20260324,3,200,9.7,1,untuned,NaN,0.0981608844981789
20260324,3,201,9.74,1,untuned,NaN,0.0208490780287466
20260324,3,202,9.74,1,complex,NaN,0.234592494568481
20260324,3,203,9.78,1,untuned,NaN,0.344827746163476
20260324,3,204,9.82,1,untuned,NaN,0.138963751449526
20260324,3,205,9.84,1,untuned,NaN,0.172078099437613
20260324,3,206,13.24,1,untuned,NaN,0.153868814872849
20260324,3,207,13.36,1,complex,NaN,0.221549728098603
20260324,3,208,13.44,1,untuned,NaN,0.0830788413266844
20260324,3,209,13.82,1,untuned,NaN,0.236787050264672
20260324,3,210,13.84,1,untuned,NaN,0.184609117856583
20260324,3,211,13.86,1,directional,110.178241304617,0.256070979775396
20260324,3,212,13.9,1,directional,125.14027371357,0.318694582692476
20260324,3,213,13.92,1,untuned,NaN,0.251834981547439
20260324,3,214,13.98,1,untuned,NaN,0.213334096198237
20260324,3,215,14,1,directional,105.299605489512,0.296925818192866
20260324,3,216,14.06,1,directional,98.8061897246794,0.221931603098157
20260324,3,217,14.1,1,directional,134.120455687588,0.402435195835114
20260324,3,218,14.22,1,untuned,NaN,0.120956168851339
20260324,3,219,14.34,1,untuned,NaN,0.184272604979437
20260324,3,220,14.36,1,untuned,NaN,0.0723404635740626
20260324,3,221,14.46,1,untuned,NaN,0.177877276076971
20260324,3,222,14.48,1,untuned,NaN,0.16483704763399
20260324,3,223,14.68,1,untuned,NaN,0.179446342709284
20260324,3,224,14.7,1,untuned,NaN,0.0752682101020309
20260324,3,225,14.7,1,untuned,NaN,0.208903627142359
20260324,3,226,14.74,1,untuned,NaN,0.0820752587396051
20260324,3,227,14.76,1,untuned,NaN,0.173805449946843
20260324,3,228,14.8,1,untuned,NaN,0.139900492739519
20260324,3,229,14.82,1,untuned,NaN,0.176324113468708
20260324,3,230,14.84,1,untuned,NaN,0.0470062890770882
20260324,3,231,14.88,1,untuned,NaN,0.133350381851269
20260324,3,232,14.9,1,untuned,NaN,0.0791085074532871
20260324,3,233,14.9,1,untuned,NaN,0.365882747135652
20260324,3,234,15,1,untuned,NaN,0.315880181498284
20260324,3,235,15.04,1,untuned,NaN,0.0689294047486969
20260324,3,236,15.16,1,directional,130.010191414314,0.339783527216643
20260324,3,237,15.26,0,not_responsive,NaN,0
20260324,3,238,15.34,1,untuned,NaN,0.088176257526594
20260324,3,239,15.44,1,untuned,NaN,0.0598670062261246
20260324,3,240,15.44,1,untuned,NaN,0.19386560296315
20260324,3,241,15.52,1,untuned,NaN,0.144412075158564
20260324,3,242,15.56,1,untuned,NaN,0.120394369795447
20260324,3,243,15.58,1,untuned,NaN,0.102202917005256
20260324,3,244,15.62,1,untuned,NaN,0.17320083992911
20260324,3,245,15.66,1,untuned,NaN,0.059348207058748
20260324,3,246,15.84,1,directional,83.9390381910755,0.376600203589242
20260324,3,247,15.9,1,untuned,NaN,0.138769174250455
20260324,3,248,16.02,1,directional,329.868429439808,0.2328141182934
20260324,3,249,16.04,1,directional,110.809061205719,0.161102812302191
20260324,3,250,16.18,1,untuned,NaN,0.0860762716637068
20260324,3,251,16.24,1,untuned,NaN,0.11136701227837
20260324,3,252,16.28,1,untuned,NaN,0.1669303677986
20260324,3,253,16.56,1,directional,54.1888060973519,0.438613747388227
20260324,3,254,16.58,1,directional,51.8580928243841,0.495342395620967
20260324,3,255,16.64,0,not_responsive,NaN,0
20260324,3,256,16.78,1,directional,56.2422725790663,0.45698372560038
20260324,3,257,17.12,1,untuned,NaN,0.320330621389641
20260324,3,258,17.4,0,not_responsive,NaN,0
20260324,3,259,17.44,0,not_responsive,NaN,0
20260324,3,260,17.54,1,directional,90.4108942371907,0.336420664234092
20260324,3,261,17.6,1,directional,88.0591472921326,0.481193065267922
20260324,3,262,17.62,1,untuned,NaN,0.262387207209333
20260324,3,263,17.82,1,untuned,NaN,0.136316054578397
20260324,3,264,18.04,0,not_responsive,NaN,0
20260324,3,265,18.08,1,untuned,NaN,0.778275240115652
20260324,3,266,18.12,0,not_responsive,NaN,0
20260324,3,267,18.16,1,untuned,NaN,1
20260324,3,268,18.24,1,untuned,NaN,0.56673397328291
20260324,3,269,18.28,0,not_responsive,NaN,0
20260324,3,270,18.28,1,untuned,NaN,0.440017374517289
20260324,3,271,18.34,1,untuned,NaN,0.142985527188072
20260324,3,272,18.38,1,untuned,NaN,0.319555015381752
20260324,3,273,18.46,1,untuned,NaN,0.202472068635918
20260324,3,274,18.46,1,untuned,NaN,0.469667979493572
20260324,3,275,18.48,1,directional,66.0746965648352,0.496277896989813
20260324,3,276,18.58,1,untuned,NaN,0.0362666348662255
20260324,3,277,18.62,0,not_responsive,NaN,0
20260324,3,278,18.8,1,untuned,NaN,0.417461454569621
20260324,3,279,18.84,0,not_responsive,NaN,0
20260324,3,280,18.94,1,untuned,NaN,0.200028307972142
20260324,3,281,18.98,1,untuned,NaN,0.197654254364531
20260324,3,282,19.06,0,not_responsive,NaN,0
20260324,3,283,19.12,0,not_responsive,NaN,0
20260324,3,284,19.14,0,not_responsive,NaN,0
20260324,3,285,19.14,0,not_responsive,NaN,0
20260324,3,286,19.18,1,untuned,NaN,0.241185446768472
20260324,3,287,19.2,0,not_responsive,NaN,0
20260324,3,288,19.24,0,not_responsive,NaN,0
20260324,3,289,19.46,0,not_responsive,NaN,0
20260324,3,290,19.62,1,untuned,NaN,0.174261062951727
20260324,3,291,19.66,1,untuned,NaN,0.210381720462356
20260324,3,292,19.72,1,untuned,NaN,0.130120363321076
20260324,3,293,19.92,1,untuned,NaN,0.379466515454964
20260324,3,294,19.92,1,complex,NaN,0.061741109098847
20260324,3,295,20.02,1,untuned,NaN,0.159410641450388
20260324,3,296,20.06,1,untuned,NaN,0.0460097352053007
20260324,3,297,20.24,1,untuned,NaN,0.201957958549726
20260324,3,298,20.26,1,untuned,NaN,0.270005641381126
20260324,3,299,20.36,1,directional,101.300074191502,0.302855166867554
20260324,3,300,20.4,1,untuned,NaN,0.0287120629459908
20260324,3,301,20.44,1,untuned,NaN,0.168079026143411
20260324,3,302,20.7,1,untuned,NaN,0.249078242959643
20260324,3,303,20.74,1,directional,79.4523615638856,0.313245974683685
20260324,3,304,20.8,1,directional,106.380034452413,0.33099024635101
20260324,3,305,20.96,1,directional,99.7713106304738,0.341920702437894
20260324,3,306,21,1,untuned,NaN,0.156212732971641
20260324,3,307,21.08,1,complex,NaN,0.137002341089832
20260324,3,308,21.2,1,directional,90.9304798649242,0.260427513140999
20260324,3,309,21.32,1,untuned,NaN,0.154748398941728
20260324,3,310,21.4,1,untuned,NaN,0.151754778713437
20260324,3,311,21.42,1,untuned,NaN,0.212136634611067
20260324,3,312,21.44,1,untuned,NaN,0.301546318132054
20260324,3,313,21.48,0,not_responsive,NaN,0
20260324,3,314,21.52,1,untuned,NaN,0.322981719269003
20260324,3,315,21.7,1,untuned,NaN,0.229406197924341
20260324,3,316,21.72,1,untuned,NaN,0.266171218711733
20260324,3,317,21.84,1,untuned,NaN,0.506472802590501
20260324,3,318,21.86,1,untuned,NaN,0.297409345554653
20260324,3,319,21.9,1,untuned,NaN,0.436779060542217
20260324,3,320,21.92,1,complex,NaN,0.150316941001285
20260324,3,321,21.96,1,untuned,NaN,0.371068905976574
20260324,3,322,21.98,1,untuned,NaN,0.545490405292522
20260324,3,323,22.06,1,untuned,NaN,0.189241912475054
20260324,3,324,22.08,1,untuned,NaN,0.226439720929186
20260324,3,325,22.16,1,untuned,NaN,0.248110756312961
20260324,3,326,22.2,1,untuned,NaN,0.104496034166198
20260324,3,327,22.22,0,not_responsive,NaN,0
20260324,3,328,22.24,1,untuned,NaN,0.281161523816003
20260324,3,329,22.32,1,directional,59.5539116180006,0.46566605884465
20260324,3,330,22.48,1,untuned,NaN,0.218017481902315
20260324,3,331,22.5,1,untuned,NaN,0.245710109865645
20260324,3,332,22.6,1,untuned,NaN,0.210992764082807
20260324,3,333,22.62,1,untuned,NaN,0.11814627499115
20260324,3,334,22.64,1,untuned,NaN,0.236074624638057
20260324,3,335,22.74,1,untuned,NaN,0.677332178420971
20260324,3,336,22.8,1,untuned,NaN,0.473576621738406
20260324,3,337,22.82,1,untuned,NaN,0.417600115355682
20260324,3,338,22.86,1,untuned,NaN,0.114320412835721
20260324,3,339,22.86,1,untuned,NaN,0.0870027917392562
20260324,3,340,22.94,1,untuned,NaN,0.0678674694358688
20260324,3,341,23,1,untuned,NaN,0.208793774950417
20260324,3,342,23.14,0,not_responsive,NaN,0
20260324,3,343,23.18,0,not_responsive,NaN,0
20260324,3,344,23.28,0,not_responsive,NaN,0
20260324,3,345,23.36,1,untuned,NaN,0.126776326042513
20260324,3,346,23.48,1,untuned,NaN,0.034838045733119
20260324,3,347,23.54,1,untuned,NaN,0.0988856130162807
20260324,3,348,23.6,1,untuned,NaN,0.096402550905985
20260324,3,349,23.66,1,untuned,NaN,0.102177722323243
20260324,3,350,23.66,1,untuned,NaN,0.162531916949193
20260324,3,351,23.74,1,untuned,NaN,0.116025479302238
20260324,3,352,23.8,1,untuned,NaN,0.0349437297352929
20260324,3,353,23.82,1,untuned,NaN,0.181940844785225
20260324,3,354,24,1,untuned,NaN,0.12104721137132
20260324,3,355,24.16,1,untuned,NaN,0.276598352319019
20260324,3,356,24.28,1,directional,210.797249193282,0.312077464149993
20260324,3,357,24.3,1,untuned,NaN,0.0278637956105085
20260324,3,358,24.38,1,untuned,NaN,0.245066114825028
20260324,3,359,24.5,1,untuned,NaN,0.250590463732062
20260324,3,360,24.64,1,untuned,NaN,0.177084667253113
20260324,3,361,24.66,1,directional,96.8624657817385,0.265712339552103
20260324,3,362,24.76,1,untuned,NaN,0.0960980802152232
20260324,3,363,25.6,1,directional,105.247810727764,0.405436295056938
20260324,3,364,25.64,1,directional,87.5035966794826,0.393305363474046
20260324,3,365,25.7,1,untuned,NaN,0.225898424332358
20260324,3,366,25.78,1,untuned,NaN,0.386442840874814
20260324,3,367,25.82,1,untuned,NaN,0.0762719977068226
20260324,3,368,25.88,1,untuned,NaN,0.0841212669819812
20260324,3,369,25.94,1,untuned,NaN,0.133481286236247
20260324,3,370,26.02,1,untuned,NaN,0.116554716499858
20260324,3,371,26.1,1,directional,220.016046194703,0.366475797477895
20260324,3,372,26.12,1,untuned,NaN,0.187600460886583
20260324,3,373,26.2,1,directional,204.0131203464,0.568468111405119
20260324,3,374,26.24,1,untuned,NaN,0.0642014175287027
20260324,3,375,26.28,1,untuned,NaN,0.390753819309516
20260324,3,376,26.38,1,untuned,NaN,0.210523906207712
20260324,3,377,26.38,1,untuned,NaN,0.13433841312754
20260324,3,378,26.46,1,untuned,NaN,0.132300668844462
20260324,3,379,26.5,1,untuned,NaN,0.083127924411187
20260324,3,380,26.54,1,untuned,NaN,0.158852331350435
20260324,3,381,26.56,1,untuned,NaN,0.336392420689148
20260324,3,382,26.6,1,untuned,NaN,0.277478820897295
20260324,3,383,26.6,0,not_responsive,NaN,0
20260324,3,384,26.64,1,untuned,NaN,0.0796546106352641
20260325,3,1,0.02,1,directional,92.2752162314731,0.321858524469616
20260325,3,2,0.08,1,directional,85.1935772340509,0.443003027739746
20260325,3,3,0.12,1,untuned,NaN,0.102164869630791
20260325,3,4,0.18,1,untuned,NaN,0.214620537313231
20260325,3,5,0.22,1,untuned,NaN,0.260392889120989
20260325,3,6,0.28,1,untuned,NaN,0.205506283367529
20260325,3,7,0.3,1,untuned,NaN,0.180472139634335
20260325,3,8,0.34,1,untuned,NaN,0.241304305428325
20260325,3,9,0.38,1,untuned,NaN,0.467295886597667
20260325,3,10,0.44,1,untuned,NaN,0.142525843089226
20260325,3,11,0.5,1,untuned,NaN,0.146000068394107
20260325,3,12,0.54,1,untuned,NaN,0.160051959278742
20260325,3,13,0.58,1,untuned,NaN,0.128549654451992
20260325,3,14,0.62,1,untuned,NaN,0.086792918900983
20260325,3,15,0.68,1,untuned,NaN,0.0352606944009778
20260325,3,16,0.72,1,untuned,NaN,0.154609616175813
20260325,3,17,0.78,1,untuned,NaN,0.227153862835738
20260325,3,18,0.8,1,untuned,NaN,0.262482792103645
20260325,3,19,0.82,1,untuned,NaN,0.411703999893826
20260325,3,20,0.86,1,untuned,NaN,0.214456395655912
20260325,3,21,0.9,0,not_responsive,NaN,0
20260325,3,22,0.94,1,untuned,NaN,0.303175732496461
20260325,3,23,1,1,untuned,NaN,0.102824813798448
20260325,3,24,1,1,directional,120.69933465931,0.354919103177959
20260325,3,25,1.06,1,untuned,NaN,0.225451921613088
20260325,3,26,1.1,1,untuned,NaN,0.144727244872851
20260325,3,27,1.16,1,untuned,NaN,0.127535119154688
20260325,3,28,1.22,1,untuned,NaN,0.176498653299546
20260325,3,29,1.28,1,untuned,NaN,0.102114962046969
20260325,3,30,1.32,1,directional,149.32385925916,0.270203767879869
20260325,3,31,1.38,1,untuned,NaN,0.183892281348673
20260325,3,32,1.44,1,untuned,NaN,0.0607963660495509
20260325,3,33,1.48,1,untuned,NaN,0.0876403162225743
20260325,3,34,1.52,1,untuned,NaN,0.122207746464146
20260325,3,35,1.56,1,untuned,NaN,0.448550824779197
20260325,3,36,1.6,1,untuned,NaN,0.152866100734921
20260325,3,37,1.64,1,untuned,NaN,0.15661215346517
20260325,3,38,1.68,1,untuned,NaN,0.0681265976329649
20260325,3,39,1.72,1,untuned,NaN,0.142348470777642
20260325,3,40,1.76,1,untuned,NaN,0.148572001440589
20260325,3,41,1.82,1,untuned,NaN,0.221545307331171
20260325,3,42,1.84,1,complex,NaN,0.214112069535972
20260325,3,43,1.88,1,untuned,NaN,0.296578542684825
20260325,3,44,1.94,1,untuned,NaN,0.127523116819611
20260325,3,45,1.96,1,untuned,NaN,0.227539823329988
20260325,3,46,2,1,untuned,NaN,0.287592405021381
20260325,3,47,2.04,1,untuned,NaN,0.118135337448157
20260325,3,48,2.08,1,complex,NaN,0.334597148851889
20260325,3,49,2.12,1,untuned,NaN,0.100705169031227
20260325,3,50,2.16,1,untuned,NaN,0.126420519466629
20260325,3,51,2.2,1,untuned,NaN,0.117332860041754
20260325,3,52,2.26,1,complex,NaN,0.112087337319056
20260325,3,53,2.3,1,complex,NaN,0.194606359861301
20260325,3,54,2.34,1,complex,NaN,0.163810051402882
20260325,3,55,2.38,1,complex,NaN,0.159588679265772
20260325,3,56,2.42,1,directional,63.3051059485994,0.15345849686665
20260325,3,57,2.46,1,complex,NaN,0.0693513820299476
20260325,3,58,2.5,1,complex,NaN,0.0769451771324669
20260325,3,59,2.56,1,complex,NaN,0.187079401933686
20260325,3,60,2.6,1,directional,150.065871862443,0.411961789631909
20260325,3,61,2.64,1,directional,131.755004125565,0.232850508775503
20260325,3,62,2.7,1,directional,109.875039911611,0.323481749938276
20260325,3,63,2.74,1,complex,NaN,0.153390188565611
20260325,3,64,2.76,1,directional,130.666183583826,0.201972907152878
20260325,3,65,2.82,1,directional,133.570107419837,0.18888543804365
20260325,3,66,2.88,1,directional,124.198753475716,0.194683651057099
20260325,3,67,2.94,1,directional,98.5916010435503,0.206929760053055
20260325,3,68,2.98,1,directional,94.931315490995,0.191315324082398
20260325,3,69,3.04,1,directional,102.270878047401,0.200535222262439
20260325,3,70,3.08,1,directional,100.905404539776,0.172277584756081
20260325,3,71,3.14,1,directional,117.920228729115,0.200752716632223
20260325,3,72,3.2,1,directional,97.2834426213489,0.272858367566225
20260325,3,73,3.24,1,directional,94.4697973679019,0.278266808069346
20260325,3,74,3.28,1,directional,93.0354584329222,0.286598028926372
20260325,3,75,3.32,1,directional,90.5129686637734,0.308037874643471
20260325,3,76,3.38,1,directional,89.5692374282545,0.29270295413146
20260325,3,77,3.42,1,directional,87.7763151367551,0.305853217379266
20260325,3,78,3.48,1,directional,87.214899992095,0.290848848378487
20260325,3,79,3.54,1,directional,91.724908515441,0.333843372756364
20260325,3,80,3.58,1,directional,97.6067428534407,0.393575443428308
20260325,3,81,3.6,1,directional,97.7839992454973,0.318365188194983
20260325,3,82,3.66,1,directional,101.446623375122,0.42889042602323
20260325,3,83,4.34,1,directional,91.2270953561139,0.150646944195554
20260325,3,84,4.76,1,untuned,NaN,0.286763435853643
20260325,3,85,4.78,1,untuned,NaN,0.407108936145511
20260325,3,86,4.82,0,not_responsive,NaN,0
20260325,3,87,4.98,1,untuned,NaN,0.112741530495143
20260325,3,88,5.02,1,complex,NaN,0.251028234961495
20260325,3,89,5.02,1,untuned,NaN,0.21436324757752
20260325,3,90,5.14,1,complex,NaN,0.131985951272598
20260325,3,91,5.16,1,untuned,NaN,0.305099676799193
20260325,3,92,5.28,0,not_responsive,NaN,0
20260325,3,93,5.32,1,untuned,NaN,0.285158764656481
20260325,3,94,5.34,1,untuned,NaN,0.390558548661674
20260325,3,95,5.36,0,not_responsive,NaN,0
20260325,3,96,5.4,1,untuned,NaN,0.181481663992243
20260325,3,97,5.44,0,not_responsive,NaN,0
20260325,3,98,5.48,1,untuned,NaN,0.157390233034602
20260325,3,99,5.52,1,untuned,NaN,0.0350934010295033
20260325,3,100,5.58,1,directional,78.1330858500652,0.47869940163821
20260325,3,101,5.58,0,not_responsive,NaN,0
20260325,3,102,5.62,1,complex,NaN,0.342273262635658
20260325,3,103,5.66,1,untuned,NaN,0.0270762820473886
20260325,3,104,5.72,0,not_responsive,NaN,0
20260325,3,105,5.76,1,untuned,NaN,0.173880148793046
20260325,3,106,5.8,1,untuned,NaN,0.241711566032931
20260325,3,107,5.82,0,not_responsive,NaN,0
20260325,3,108,5.86,1,untuned,NaN,0.154820220942031
20260325,3,109,5.9,1,untuned,NaN,0.26832163464752
20260325,3,110,5.96,1,untuned,NaN,0.138198939958211
20260325,3,111,6,1,directional,89.6950263391876,0.339144658555684
20260325,3,112,6.04,1,directional,95.8958231137762,0.408713795936076
20260325,3,113,6.08,1,untuned,NaN,0.138068193668782
20260325,3,114,6.12,1,untuned,NaN,0.168348108327116
20260325,3,115,6.16,1,untuned,NaN,0.0861966333700783
20260325,3,116,6.22,1,untuned,NaN,0.470946137563622
20260325,3,117,6.26,1,untuned,NaN,0.265552830201383
20260325,3,118,6.32,1,directional,32.6381048307672,0.376473507623839
20260325,3,119,6.36,1,untuned,NaN,0.141454106955705
20260325,3,120,6.4,1,untuned,NaN,0.0983138387581223
20260325,3,121,6.48,1,directional,72.4136581141896,0.343112021696464
20260325,3,122,6.52,1,directional,99.4976222244991,0.295730759964263
20260325,3,123,6.56,1,directional,122.824799521754,0.2762695675134
20260325,3,124,6.56,1,directional,88.0176642198412,0.309832995254579
20260325,3,125,6.62,1,directional,90.7977338125577,0.308538095557954
20260325,3,126,6.64,1,complex,NaN,0.242557367837966
20260325,3,127,6.66,1,directional,94.7732844062159,0.712441169454322
20260325,3,128,6.7,1,directional,89.2491400038961,0.473140802826771
20260325,3,129,6.76,1,untuned,NaN,0.0663288279544699
20260325,3,130,6.82,1,untuned,NaN,0.238961722044936
20260325,3,131,6.86,1,untuned,NaN,0.169388445011773
20260325,3,132,6.9,1,complex,NaN,0.263971835351137
20260325,3,133,6.94,1,directional,106.199995371312,0.397155088053179
20260325,3,134,6.96,1,directional,117.35036856131,0.356897203044756
20260325,3,135,6.98,1,directional,112.513474696697,0.402974619294379
20260325,3,136,7.02,1,directional,81.1237179118725,0.479352569220697
20260325,3,137,7.04,1,directional,104.30299655906,0.407382244355771
20260325,3,138,7.1,1,directional,127.135514339886,0.236383230007525
20260325,3,139,7.16,1,untuned,NaN,0.220520936793214
20260325,3,140,7.2,1,untuned,NaN,0.397632553021547
20260325,3,141,7.2,1,directional,91.0401946637836,0.340753378251175
20260325,3,142,7.26,1,complex,NaN,0.177727138838843
20260325,3,143,7.32,1,complex,NaN,0.110330087983702
20260325,3,144,7.38,1,directional,98.52119913513,0.171639553967596
20260325,3,145,7.44,1,directional,94.445593093997,0.203252418326008
20260325,3,146,7.46,1,complex,NaN,0.122581503044761
20260325,3,147,7.48,1,complex,NaN,0.115292317494781
20260325,3,148,7.52,1,directional,91.1112021607128,0.153172229623548
20260325,3,149,7.58,1,directional,126.5397858729,0.359802275460816
20260325,3,150,7.62,1,untuned,NaN,0.143351123596556
20260325,3,151,7.68,1,directional,27.0925434420061,0.213013332419961
20260325,3,152,7.72,1,directional,41.3974905529684,0.245763384626831
20260325,3,153,7.78,1,untuned,NaN,0.155698484551416
20260325,3,154,7.82,1,complex,NaN,0.106091054662748
20260325,3,155,7.88,1,directional,357.733479556861,0.30224345415342
20260325,3,156,7.92,1,untuned,NaN,0.291635041307726
20260325,3,157,7.98,1,untuned,NaN,0.169147497484505
20260325,3,158,8.02,1,complex,NaN,0.202770129181663
20260325,3,159,8.06,1,directional,218.320927341269,0.12937583552858
20260325,3,160,8.1,1,directional,181.901180801196,0.242527699370995
20260325,3,161,8.16,1,complex,NaN,0.152495114350539
20260325,3,162,8.2,1,complex,NaN,0.19140575683269
20260325,3,163,8.24,1,untuned,NaN,0.189119932535031
20260325,3,164,8.28,1,untuned,NaN,0.0512140331806653
20260325,3,165,8.32,1,untuned,NaN,0.153748875635497
20260325,3,166,8.32,1,complex,NaN,0.0884838930406756
20260325,3,167,8.34,1,untuned,NaN,0.0468351745493528
20260325,3,168,8.38,1,untuned,NaN,0.159969708188456
20260325,3,169,8.42,1,untuned,NaN,0.105231428219246
20260325,3,170,8.46,1,directional,60.9009212764101,0.158359674036373
20260325,3,171,8.5,1,untuned,NaN,0.123170537456932
20260325,3,172,8.54,1,directional,125.585061330481,0.219019318932672
20260325,3,173,8.58,1,directional,133.198007758456,0.418495491775247
20260325,3,174,8.64,1,directional,118.164521012205,0.595549107334926
20260325,3,175,8.7,1,directional,109.825936600685,0.443882275001774
20260325,3,176,8.74,1,directional,90.9294123937748,0.301248230551665
20260325,3,177,8.8,1,untuned,NaN,0.260031718899761
20260325,3,178,8.84,1,directional,34.3892299716173,0.273535793042856
20260325,3,179,8.88,1,untuned,NaN,0.333193154182363
20260325,3,180,8.92,1,directional,136.642107763558,0.217218329159126
20260325,3,181,8.92,1,untuned,NaN,0.0946166694018863
20260325,3,182,8.94,1,directional,134.606408384553,0.280765065732377
20260325,3,183,8.96,1,complex,NaN,0.0628763339466257
20260325,3,184,9.02,1,directional,166.238482651466,0.234821177047272
20260325,3,185,9.04,1,untuned,NaN,0.167494012171918
20260325,3,186,9.06,1,directional,305.446877374674,0.135655597460881
20260325,3,187,9.1,1,untuned,NaN,0.0908012820111641
20260325,3,188,9.1,1,untuned,NaN,0.0539223706040572
20260325,3,189,9.14,1,directional,223.511050394966,0.223923393023272
20260325,3,190,9.14,1,untuned,NaN,0.140762666231133
20260325,3,191,9.18,1,untuned,NaN,0.0743297181354498
20260325,3,192,9.22,1,untuned,NaN,0.103654108356588
20260325,3,193,9.26,1,untuned,NaN,0.124285155581398
20260325,3,194,9.3,1,directional,10.889206290755,0.453676272922339
20260325,3,195,9.34,1,untuned,NaN,0.130437758144613
20260325,3,196,9.34,1,untuned,NaN,0.102898282205729
20260325,3,197,9.4,1,directional,342.875503678244,0.306539088519813
20260325,3,198,9.44,1,untuned,NaN,0.110961984823584
20260325,3,199,9.48,1,untuned,NaN,0.136864198147027
20260325,3,200,9.48,1,untuned,NaN,0.208069480637289
20260325,3,201,9.54,1,untuned,NaN,0.0484570007847649
20260325,3,202,9.54,1,directional,326.7431205282,0.286950195731105
20260325,3,203,9.58,1,directional,337.066596984529,0.217087232975835
20260325,3,204,9.58,1,untuned,NaN,0.223057370584068
20260325,3,205,9.62,1,directional,327.837982019708,0.25171576097914
20260325,3,206,9.68,1,directional,71.8614341747718,0.146477677699496
20260325,3,207,9.72,1,untuned,NaN,0.168494938924634
20260325,3,208,9.78,1,directional,113.298101754442,0.28547541231926
20260325,3,209,9.82,1,untuned,NaN,0.0719923028400514
20260325,3,210,9.86,1,untuned,NaN,0.0226913259848514
20260325,3,211,9.9,1,untuned,NaN,0.0813337772921652
20260325,3,212,9.94,1,directional,9.41206571263548,0.198754517008192
20260325,3,213,9.96,1,directional,277.277246791202,0.19583081050504
20260325,3,214,9.98,1,untuned,NaN,0.120640774856183
20260325,3,215,10.02,1,untuned,NaN,0.192059834826522
20260325,3,216,10.08,1,directional,71.9167649237146,0.239768259918277
20260325,3,217,10.12,1,untuned,NaN,0.012107008099738
20260325,3,218,10.12,1,complex,NaN,0.0387007816418226
20260325,3,219,10.18,1,complex,NaN,0.154758298754025
20260325,3,220,10.2,1,untuned,NaN,0.125706838340067
20260325,3,221,10.22,1,untuned,NaN,0.11956673187155
20260325,3,222,10.28,1,untuned,NaN,0.144875992247454
20260325,3,223,10.34,1,untuned,NaN,0.062599333542864
20260325,3,224,10.36,1,untuned,NaN,0.147382360288864
20260325,3,225,10.48,1,untuned,NaN,0.318799956143255
20260325,3,226,10.54,1,directional,112.674588084721,0.399459096359302
20260325,3,227,10.58,1,untuned,NaN,0.0490844469781209
20260325,3,228,10.98,1,directional,116.006992393208,0.23977189219825
20260325,3,229,11.18,1,directional,115.10332697292,0.492357508499148
20260325,3,230,11.32,1,untuned,NaN,0.281908253103596
20260325,3,231,11.36,1,untuned,NaN,0.239324843308453
20260325,3,232,11.44,1,untuned,NaN,0.262491289276235
20260325,3,233,11.44,1,untuned,NaN,0.232929582267329
20260325,3,234,11.46,1,untuned,NaN,0.201968794396544
20260325,3,235,11.48,0,not_responsive,NaN,0
20260325,3,236,11.5,1,untuned,NaN,0.24777722019988
20260325,3,237,11.52,1,untuned,NaN,0.214600854867065
20260325,3,238,11.54,1,untuned,NaN,0.245954591584579
20260325,3,239,11.56,1,untuned,NaN,0.254420616139675
20260325,3,240,11.58,1,untuned,NaN,0.247516686226156
20260325,3,241,11.6,0,not_responsive,NaN,0
20260325,3,242,11.62,0,not_responsive,NaN,0
20260325,3,243,11.64,0,not_responsive,NaN,0
20260325,3,244,11.66,1,untuned,NaN,0.0306755495781983
20260325,3,245,11.68,0,not_responsive,NaN,0
20260325,3,246,11.7,1,untuned,NaN,0.0273415267064331
20260325,3,247,11.72,1,untuned,NaN,0.235102950286005
20260325,3,248,11.74,1,untuned,NaN,0.13622156557628
20260325,3,249,11.76,1,untuned,NaN,0.212714870781419
20260325,3,250,11.78,1,untuned,NaN,0.268531778502221
20260325,3,251,11.8,1,untuned,NaN,0.12932883614774
20260325,3,252,11.92,1,untuned,NaN,0.202546538991147
20260325,3,253,12,1,directional,146.631741039125,0.246316853404242
20260325,3,254,12.08,1,untuned,NaN,0.249382986653232
20260325,3,255,12.1,1,untuned,NaN,0.233427190928757
20260325,3,256,12.24,1,untuned,NaN,0.25877713874062
20260325,3,257,12.26,1,untuned,NaN,0.285505199875371
20260325,3,258,12.4,1,untuned,NaN,0.0758421965708885
20260325,3,259,12.56,0,not_responsive,NaN,0
20260325,3,260,12.92,1,untuned,NaN,0.159180911554681
20260325,3,261,13.06,1,untuned,NaN,0.12085611591108
20260325,3,262,13.22,0,not_responsive,NaN,0
20260325,3,263,13.36,1,untuned,NaN,0.326091367394992
20260325,3,264,13.5,0,not_responsive,NaN,0
20260325,3,265,13.58,1,untuned,NaN,0.578778554123767
20260325,3,266,13.62,1,untuned,NaN,0.348744584532431
20260325,3,267,13.66,1,complex,NaN,0.0512877732109401
20260325,3,268,13.7,1,untuned,NaN,0.17382174995373
20260325,3,269,13.84,1,untuned,NaN,0.0941597174987157
20260325,3,270,13.92,1,untuned,NaN,0.227228059738721
20260325,3,271,14.06,1,directional,100.584105049876,0.785952875403248
20260325,3,272,14.1,1,untuned,NaN,0.210630566456363
20260325,3,273,14.1,0,not_responsive,NaN,0
20260325,3,274,14.4,1,untuned,NaN,0.227984157685269
20260325,3,275,14.42,1,untuned,NaN,0.209231725975358
20260325,3,276,14.46,1,untuned,NaN,0.205727013285239
20260325,3,277,14.48,1,untuned,NaN,0.213966510958363
20260325,3,278,14.52,1,complex,NaN,0.213348978847852
20260325,3,279,14.54,1,untuned,NaN,0.385613932640601
20260325,3,280,14.68,1,directional,125.807841245353,0.537325304453049
20260325,3,281,14.74,1,directional,90.8372022392744,0.419857726464931
20260325,3,282,14.86,1,untuned,NaN,0.176971015572532
20260325,3,283,14.92,1,complex,NaN,0.249524747500386
20260325,3,284,14.96,1,untuned,NaN,0.168566854404832
20260325,3,285,14.96,1,complex,NaN,0.230494319206216
20260325,3,286,15.08,1,untuned,NaN,0.136671755223249
20260325,3,287,15.22,0,not_responsive,NaN,0
20260325,3,288,15.24,1,untuned,NaN,0.262193466097391
20260325,3,289,15.24,0,not_responsive,NaN,0
20260325,3,290,15.68,0,not_responsive,NaN,0
20260325,3,291,15.78,1,untuned,NaN,0.202419250721314
20260325,3,292,15.82,0,not_responsive,NaN,0
20260325,3,293,15.98,0,not_responsive,NaN,0
20260325,3,294,16.12,0,not_responsive,NaN,0
20260325,3,295,16.2,1,untuned,NaN,0.108500398398312
20260325,3,296,16.34,1,untuned,NaN,0.290903331646011
20260325,3,297,16.44,1,untuned,NaN,0.680734927058753
20260325,3,298,16.56,1,untuned,NaN,0.249798583488159
20260325,3,299,16.58,1,untuned,NaN,0.341505472204072
20260325,3,300,16.76,1,untuned,NaN,0.799568138393325
20260325,3,301,16.94,1,untuned,NaN,0.378957609085362
20260325,3,302,16.98,1,directional,95.2219036892496,0.767472319208375
20260325,3,303,17.14,0,not_responsive,NaN,0
20260325,3,304,17.58,1,untuned,NaN,0.286819850582441
20260325,3,305,17.6,1,untuned,NaN,0.273409086291303
20260325,3,306,17.72,1,complex,NaN,0.390842433913996
20260325,3,307,17.82,1,untuned,NaN,0.22976542614862
20260325,3,308,17.98,1,untuned,NaN,0.281764462020337
20260325,3,309,18.12,1,untuned,NaN,0.133893804966189
20260325,3,310,18.14,1,complex,NaN,0.487188613011372
20260325,3,311,18.2,1,untuned,NaN,0.17083531608826
20260325,3,312,18.28,1,untuned,NaN,0.317473333184126
20260325,3,313,18.44,1,untuned,NaN,0.0804228608613506
20260325,3,314,18.48,1,complex,NaN,0.137348655990085
20260325,3,315,18.54,1,complex,NaN,0.218646359034726
20260325,3,316,18.6,1,complex,NaN,0.194378461797006
20260325,3,317,18.62,1,complex,NaN,0.255683932007718
20260325,3,318,18.66,1,directional,87.5768488489708,0.420897478831681
20260325,3,319,18.76,1,complex,NaN,0.201208720009001
20260325,3,320,18.82,1,complex,NaN,0.10672829346884
20260325,3,321,18.88,1,untuned,NaN,0.220014732048897
20260325,3,322,18.88,1,complex,NaN,0.198279827131368
20260325,3,323,18.92,1,untuned,NaN,0.122744298461728
20260325,3,324,19.16,0,not_responsive,NaN,0
20260325,3,325,19.56,1,untuned,NaN,0.307823154030527
20260325,3,326,19.64,0,not_responsive,NaN,0
20260325,3,327,19.72,0,not_responsive,NaN,0
20260325,3,328,19.88,1,directional,24.2547608313628,0.516196618939642
20260325,3,329,20.28,0,not_responsive,NaN,0
20260325,3,330,20.32,1,untuned,NaN,0.39328884824619
20260325,3,331,20.5,1,untuned,NaN,0.323337849212617
20260325,3,332,20.54,1,untuned,NaN,0.179293260882177
20260325,3,333,20.9,1,directional,258.085284455203,0.454221095842547
20260325,3,334,21.12,1,untuned,NaN,0.127439251788391
20260325,3,335,21.22,1,untuned,NaN,0.185052453247225
20260325,3,336,21.28,1,untuned,NaN,0.397681850527656
20260325,3,337,21.56,1,untuned,NaN,0.00926797125215253
20260325,3,338,21.68,1,untuned,NaN,0.317070527437991
20260325,3,339,21.82,0,not_responsive,NaN,0
20260325,3,340,21.86,1,untuned,NaN,0.0727940116363673
20260325,3,341,21.9,1,untuned,NaN,0.276264404831191
20260325,3,342,21.94,1,untuned,NaN,0.156494276282424
20260325,3,343,22.04,1,untuned,NaN,0.391214425842758
20260325,3,344,22.16,1,untuned,NaN,0.155231040148598
20260325,3,345,22.2,1,untuned,NaN,0.130916736406036
20260325,3,346,22.24,1,untuned,NaN,0.247190955274996
20260325,3,347,22.26,1,directional,64.4371071461041,0.347937526631076
20260325,3,348,22.3,1,untuned,NaN,0.0841561761722312
20260325,3,349,22.36,1,directional,105.524413457922,0.377890194734693
20260325,3,350,22.42,1,complex,NaN,0.169710270635906
20260325,3,351,22.48,1,complex,NaN,0.198097146529545
20260325,3,352,22.54,1,complex,NaN,0.192477785063901
20260325,3,353,22.58,1,untuned,NaN,0.267202543158279
20260325,3,354,22.66,1,directional,90.9177864875068,0.565306749817582
20260325,3,355,22.7,1,complex,NaN,0.203673691679677
20260325,3,356,22.78,1,untuned,NaN,0.167741656798008
20260325,3,357,22.82,0,not_responsive,NaN,0
20260325,3,358,22.86,1,directional,80.8248795901775,0.573281638545056
20260325,3,359,22.9,1,untuned,NaN,0.217452766815542
20260325,3,360,22.94,0,not_responsive,NaN,0
20260325,3,361,23.02,1,untuned,NaN,0.194644164926978
20260325,3,362,23.1,0,not_responsive,NaN,0
20260325,3,363,23.2,0,not_responsive,NaN,0
20260325,3,364,23.3,0,not_responsive,NaN,0
20260325,3,365,23.36,0,not_responsive,NaN,0
20260325,3,366,23.4,0,not_responsive,NaN,0
20260325,3,367,23.44,0,not_responsive,NaN,0
20260325,3,368,23.5,0,not_responsive,NaN,0
20260325,3,369,23.58,1,untuned,NaN,0.376127556812907
20260325,3,370,23.64,1,untuned,NaN,0.146276630183894
20260325,3,371,23.7,0,not_responsive,NaN,0
20260325,3,372,23.74,0,not_responsive,NaN,0
20260325,3,373,23.8,1,untuned,NaN,0.348612037734328
20260325,3,374,23.84,1,untuned,NaN,0.121652744684693
20260325,3,375,23.88,0,not_responsive,NaN,0
20260325,3,376,23.92,0,not_responsive,NaN,0
20260325,3,377,23.96,0,not_responsive,NaN,0
20260325,3,378,24,1,complex,NaN,0.265440857396692
20260325,3,379,24.06,1,untuned,NaN,0.180058299435535
20260325,3,380,24.08,1,untuned,NaN,0.216183937043423
20260325,3,381,24.14,1,complex,NaN,0.293348385078845
20260325,3,382,24.18,1,untuned,NaN,0.209183438844057
20260325,3,383,24.3,0,not_responsive,NaN,0
20260325,3,384,24.4,0,not_responsive,NaN,0
20260326,3,1,0,1,untuned,NaN,0.279935623250004
20260326,3,2,0.04,0,not_responsive,NaN,0
20260326,3,3,0.08,0,not_responsive,NaN,0
20260326,3,4,0.12,0,not_responsive,NaN,0
20260326,3,5,0.16,0,not_responsive,NaN,0
20260326,3,6,0.2,0,not_responsive,NaN,0
20260326,3,7,0.24,1,untuned,NaN,0.207233142438324
20260326,3,8,0.28,0,not_responsive,NaN,0
20260326,3,9,0.32,1,untuned,NaN,0.229575377038919
20260326,3,10,0.36,0,not_responsive,NaN,0
20260326,3,11,0.4,1,untuned,NaN,0.222142635750442
20260326,3,12,0.44,1,untuned,NaN,0.119392623989296
20260326,3,13,0.48,0,not_responsive,NaN,0
20260326,3,14,0.52,0,not_responsive,NaN,0
20260326,3,15,0.56,0,not_responsive,NaN,0
20260326,3,16,0.6,1,directional,205.733513694876,0.733033811532217
20260326,3,17,0.64,0,not_responsive,NaN,0
20260326,3,18,0.68,0,not_responsive,NaN,0
20260326,3,19,0.72,0,not_responsive,NaN,0
20260326,3,20,0.76,0,not_responsive,NaN,0
20260326,3,21,0.8,0,not_responsive,NaN,0
20260326,3,22,0.84,0,not_responsive,NaN,0
20260326,3,23,0.88,0,not_responsive,NaN,0
20260326,3,24,0.92,0,not_responsive,NaN,0
20260326,3,25,0.96,1,untuned,NaN,0.777711611763076
20260326,3,26,1,0,not_responsive,NaN,0
20260326,3,27,1.04,0,not_responsive,NaN,0
20260326,3,28,1.08,1,untuned,NaN,0.876258928637123
20260326,3,29,1.12,1,untuned,NaN,0.481239542463211
20260326,3,30,1.16,1,untuned,NaN,0.166668926168701
20260326,3,31,1.2,1,untuned,NaN,0.10577322520338
20260326,3,32,1.24,0,not_responsive,NaN,0
20260326,3,33,1.28,0,not_responsive,NaN,0
20260326,3,34,1.32,1,untuned,NaN,0
20260326,3,35,1.36,1,untuned,NaN,0.553655164947773
20260326,3,36,1.4,1,untuned,NaN,0.894881700369121
20260326,3,37,1.44,0,not_responsive,NaN,0
20260326,3,38,1.48,0,not_responsive,NaN,0
20260326,3,39,1.52,1,directional,263.008695925633,0.897437811773715
20260326,3,40,1.56,1,untuned,NaN,0.637152678192453
20260326,3,41,1.6,1,untuned,NaN,0.391605820972806
20260326,3,42,1.64,0,not_responsive,NaN,0
20260326,3,43,1.68,1,untuned,NaN,0.675636790972286
20260326,3,44,1.72,0,not_responsive,NaN,0
20260326,3,45,1.76,1,untuned,NaN,0.0438163986010185
20260326,3,46,1.8,0,not_responsive,NaN,0
20260326,3,47,1.84,0,not_responsive,NaN,0
20260326,3,48,1.88,0,not_responsive,NaN,0
20260326,3,49,1.92,1,untuned,NaN,0.182117278514437
20260326,3,50,1.96,1,untuned,NaN,0.353721121313184
20260326,3,51,2,0,not_responsive,NaN,0
20260326,3,52,2.04,0,not_responsive,NaN,0
20260326,3,53,2.08,0,not_responsive,NaN,0
20260326,3,54,2.12,0,not_responsive,NaN,0
20260326,3,55,2.16,1,untuned,NaN,0.450658406542138
20260326,3,56,2.2,0,not_responsive,NaN,0
20260326,3,57,2.24,0,not_responsive,NaN,0
20260326,3,58,2.28,1,untuned,NaN,0.287503470967572
20260326,3,59,2.32,0,not_responsive,NaN,0
20260326,3,60,2.36,1,directional,216.046126554219,0.572161549713787
20260326,3,61,2.4,1,untuned,NaN,0.171453834060696
20260326,3,62,2.44,1,untuned,NaN,0.235558514216416
20260326,3,63,2.48,1,untuned,NaN,0.278842268229846
20260326,3,64,2.52,0,not_responsive,NaN,0
20260326,3,65,2.56,0,not_responsive,NaN,0
20260326,3,66,2.6,0,not_responsive,NaN,0
20260326,3,67,2.64,1,untuned,NaN,0.354883128665076
20260326,3,68,2.68,0,not_responsive,NaN,0
20260326,3,69,2.72,1,untuned,NaN,0.213944152377443
20260326,3,70,2.76,0,not_responsive,NaN,0
20260326,3,71,2.8,0,not_responsive,NaN,0
20260326,3,72,2.84,1,untuned,NaN,0.321982194585276
20260326,3,73,2.88,1,untuned,NaN,0.0829981368409774
20260326,3,74,2.92,0,not_responsive,NaN,0
20260326,3,75,2.96,0,not_responsive,NaN,0
20260326,3,76,3,0,not_responsive,NaN,0
20260326,3,77,3.04,0,not_responsive,NaN,0
20260326,3,78,3.08,0,not_responsive,NaN,0
20260326,3,79,3.12,0,not_responsive,NaN,0
20260326,3,80,3.16,1,untuned,NaN,0.191367018010852
20260326,3,81,3.2,0,not_responsive,NaN,0
20260326,3,82,3.24,0,not_responsive,NaN,0
20260326,3,83,3.28,1,untuned,NaN,0.155565139934655
20260326,3,84,3.32,0,not_responsive,NaN,0
20260326,3,85,3.36,0,not_responsive,NaN,0
20260326,3,86,3.4,1,untuned,NaN,0.0513224621657464
20260326,3,87,3.44,1,untuned,NaN,0.140560505937207
20260326,3,88,3.48,0,not_responsive,NaN,0
20260326,3,89,3.52,0,not_responsive,NaN,0
20260326,3,90,3.56,1,untuned,NaN,0.041927865333119
20260326,3,91,3.6,0,not_responsive,NaN,0
20260326,3,92,3.64,1,untuned,NaN,0.190930817854174
20260326,3,93,3.68,0,not_responsive,NaN,0
20260326,3,94,3.72,1,untuned,NaN,0.22888641546511
20260326,3,95,3.76,1,untuned,NaN,0.169008028090091
20260326,3,96,3.8,1,untuned,NaN,0.121226477544014
20260326,3,97,3.84,0,not_responsive,NaN,0
20260326,3,98,3.88,0,not_responsive,NaN,0
20260326,3,99,3.92,1,untuned,NaN,0.366987163574147
20260326,3,100,3.96,0,not_responsive,NaN,0
20260326,3,101,4,1,directional,295.36501458547,0.464671373503256
20260326,3,102,4.04,0,not_responsive,NaN,0
20260326,3,103,4.08,0,not_responsive,NaN,0
20260326,3,104,4.12,1,untuned,NaN,0.365947943935971
20260326,3,105,4.16,0,not_responsive,NaN,0
20260326,3,106,4.2,0,not_responsive,NaN,0
20260326,3,107,4.24,0,not_responsive,NaN,0
20260326,3,108,4.28,0,not_responsive,NaN,0
20260326,3,109,4.32,0,not_responsive,NaN,0
20260326,3,110,4.36,1,untuned,NaN,0.471805968713454
20260326,3,111,4.4,0,not_responsive,NaN,0
20260326,3,112,4.44,1,untuned,NaN,0.22369981091336
20260326,3,113,4.48,1,untuned,NaN,0.386396453899219
20260326,3,114,4.52,0,not_responsive,NaN,0
20260326,3,115,4.56,0,not_responsive,NaN,0
20260326,3,116,4.6,1,untuned,NaN,0.3860026284792
20260326,3,117,4.64,0,not_responsive,NaN,0
20260326,3,118,4.68,0,not_responsive,NaN,0
20260326,3,119,4.72,1,untuned,NaN,0.401107203141598
20260326,3,120,4.76,0,not_responsive,NaN,0
20260326,3,121,4.8,0,not_responsive,NaN,0
20260326,3,122,4.84,1,untuned,NaN,1
20260326,3,123,4.88,0,not_responsive,NaN,0
20260326,3,124,4.92,1,untuned,NaN,1
20260326,3,125,4.96,0,not_responsive,NaN,0
20260326,3,126,5,0,not_responsive,NaN,0
20260326,3,127,5.04,0,not_responsive,NaN,0
20260326,3,128,5.08,1,untuned,NaN,0.929170265019448
20260326,3,129,5.12,0,not_responsive,NaN,0
20260326,3,130,5.16,0,not_responsive,NaN,0
20260326,3,131,5.2,1,untuned,NaN,0.589889462869751
20260326,3,132,5.24,1,untuned,NaN,0.251872086529948
20260326,3,133,5.28,0,not_responsive,NaN,0
20260326,3,134,5.32,0,not_responsive,NaN,0
20260326,3,135,5.36,0,not_responsive,NaN,0
20260326,3,136,5.4,0,not_responsive,NaN,0
20260326,3,137,5.44,1,untuned,NaN,0.804078682536289
20260326,3,138,5.48,0,not_responsive,NaN,0
20260326,3,139,5.52,0,not_responsive,NaN,0
20260326,3,140,5.56,0,not_responsive,NaN,0
20260326,3,141,5.6,0,not_responsive,NaN,0
20260326,3,142,5.64,0,not_responsive,NaN,0
20260326,3,143,5.68,0,not_responsive,NaN,0
20260326,3,144,5.72,0,not_responsive,NaN,0
20260326,3,145,5.76,0,not_responsive,NaN,0
20260326,3,146,5.8,0,not_responsive,NaN,0
20260326,3,147,5.84,0,not_responsive,NaN,0
20260326,3,148,5.88,0,not_responsive,NaN,0
20260326,3,149,5.92,0,not_responsive,NaN,0
20260326,3,150,5.96,0,not_responsive,NaN,0
20260326,3,151,6,1,untuned,NaN,0.413142743075867
20260326,3,152,6.04,0,not_responsive,NaN,0
20260326,3,153,6.08,0,not_responsive,NaN,0
20260326,3,154,6.12,0,not_responsive,NaN,0
20260326,3,155,6.16,0,not_responsive,NaN,0
20260326,3,156,6.2,0,not_responsive,NaN,0
20260326,3,157,6.24,0,not_responsive,NaN,0
20260326,3,158,6.28,0,not_responsive,NaN,0
20260326,3,159,6.32,1,untuned,NaN,0.135396045815393
20260326,3,160,6.36,0,not_responsive,NaN,0
20260326,3,161,6.4,0,not_responsive,NaN,0
20260326,3,162,6.44,1,untuned,NaN,0.139064896018283
20260326,3,163,6.48,0,not_responsive,NaN,0
20260326,3,164,6.52,1,untuned,NaN,0.473441596325868
20260326,3,165,6.56,1,complex,NaN,0.223897515103314
20260326,3,166,6.6,1,untuned,NaN,0.366662520172698
20260326,3,167,6.64,0,not_responsive,NaN,0
20260326,3,168,6.68,0,not_responsive,NaN,0
20260326,3,169,6.72,0,not_responsive,NaN,0
20260326,3,170,6.76,0,not_responsive,NaN,0
20260326,3,171,6.8,0,not_responsive,NaN,0
20260326,3,172,6.84,0,not_responsive,NaN,0
20260326,3,173,6.88,0,not_responsive,NaN,0
20260326,3,174,6.92,1,untuned,NaN,0.186497295594178
20260326,3,175,6.96,0,not_responsive,NaN,0
20260326,3,176,7,0,not_responsive,NaN,0
20260326,3,177,7.04,0,not_responsive,NaN,0
20260326,3,178,7.08,0,not_responsive,NaN,0
20260326,3,179,7.12,1,untuned,NaN,0.369993957089087
20260326,3,180,7.16,0,not_responsive,NaN,0
20260326,3,181,7.2,0,not_responsive,NaN,0
20260326,3,182,7.24,0,not_responsive,NaN,0
20260326,3,183,7.28,1,untuned,NaN,0.423825767295892
20260326,3,184,7.32,0,not_responsive,NaN,0
20260326,3,185,7.36,0,not_responsive,NaN,0
20260326,3,186,7.4,0,not_responsive,NaN,0
20260326,3,187,7.44,1,untuned,NaN,0.389056267050771
20260326,3,188,7.48,1,untuned,NaN,0.272926937468076
20260326,3,189,7.52,1,untuned,NaN,0.0680349377273261
20260326,3,190,7.56,1,untuned,NaN,0.124437321679368
20260326,3,191,7.6,1,untuned,NaN,0.332445609345516
20260326,3,192,7.64,1,untuned,NaN,0.306386013720192
20260326,3,193,7.7,0,not_responsive,NaN,0
20260326,3,194,7.74,0,not_responsive,NaN,0
20260326,3,195,7.78,0,not_responsive,NaN,0
20260326,3,196,7.82,0,not_responsive,NaN,0
20260326,3,197,7.86,0,not_responsive,NaN,0
20260326,3,198,7.9,0,not_responsive,NaN,0
20260326,3,199,7.94,0,not_responsive,NaN,0
20260326,3,200,7.98,0,not_responsive,NaN,0
20260326,3,201,8.02,0,not_responsive,NaN,0
20260326,3,202,8.06,1,untuned,NaN,0.803647615136029
20260326,3,203,8.1,0,not_responsive,NaN,0
20260326,3,204,8.14,0,not_responsive,NaN,0
20260326,3,205,8.18,0,not_responsive,NaN,0
20260326,3,206,8.22,1,untuned,NaN,0.202641809640866
20260326,3,207,8.26,0,not_responsive,NaN,0
20260326,3,208,8.3,0,not_responsive,NaN,0
20260326,3,209,8.34,0,not_responsive,NaN,0
20260326,3,210,8.38,0,not_responsive,NaN,0
20260326,3,211,8.42,1,untuned,NaN,1
20260326,3,212,8.46,0,not_responsive,NaN,0
20260326,3,213,8.5,0,not_responsive,NaN,0
20260326,3,214,8.54,0,not_responsive,NaN,0
20260326,3,215,8.58,0,not_responsive,NaN,0
20260326,3,216,8.62,0,not_responsive,NaN,0
20260326,3,217,8.66,0,not_responsive,NaN,0
20260326,3,218,8.7,0,not_responsive,NaN,0
20260326,3,219,8.74,0,not_responsive,NaN,0
20260326,3,220,8.78,0,not_responsive,NaN,0
20260326,3,221,8.82,1,untuned,NaN,0.123288765587382
20260326,3,222,8.86,1,untuned,NaN,0.327111092662956
20260326,3,223,8.9,0,not_responsive,NaN,0
20260326,3,224,8.94,0,not_responsive,NaN,0
20260326,3,225,8.98,0,not_responsive,NaN,0
20260326,3,226,9.02,1,untuned,NaN,0.136459114960618
20260326,3,227,9.06,0,not_responsive,NaN,0
20260326,3,228,9.1,0,not_responsive,NaN,0
20260326,3,229,9.14,0,not_responsive,NaN,0
20260326,3,230,9.18,0,not_responsive,NaN,0
20260326,3,231,9.22,0,not_responsive,NaN,0
20260326,3,232,9.26,0,not_responsive,NaN,0
20260326,3,233,9.3,1,untuned,NaN,0.333282035588401
20260326,3,234,9.34,0,not_responsive,NaN,0
20260326,3,235,9.38,0,not_responsive,NaN,0
20260326,3,236,9.42,0,not_responsive,NaN,0
20260326,3,237,9.46,0,not_responsive,NaN,0
20260326,3,238,9.5,1,untuned,NaN,0.495795746153625
20260326,3,239,9.54,1,untuned,NaN,0.431464478738546
20260326,3,240,9.58,1,untuned,NaN,0.882997472705813
20260326,3,241,9.62,0,not_responsive,NaN,0
20260326,3,242,9.66,0,not_responsive,NaN,0
20260326,3,243,9.7,0,not_responsive,NaN,0
20260326,3,244,9.74,0,not_responsive,NaN,0
20260326,3,245,9.78,0,not_responsive,NaN,0
20260326,3,246,9.82,0,not_responsive,NaN,0
20260326,3,247,9.86,0,not_responsive,NaN,0
20260326,3,248,9.9,0,not_responsive,NaN,0
20260326,3,249,9.94,0,not_responsive,NaN,0
20260326,3,250,9.98,0,not_responsive,NaN,0
20260326,3,251,10.02,0,not_responsive,NaN,0
20260326,3,252,10.06,1,untuned,NaN,0.367879475851982
20260326,3,253,10.1,1,untuned,NaN,0.187320651749125
20260326,3,254,10.14,0,not_responsive,NaN,0
20260326,3,255,10.18,0,not_responsive,NaN,0
20260326,3,256,10.22,1,directional,180.456864902979,0.99212065539104
20260326,3,257,10.26,0,not_responsive,NaN,0
20260326,3,258,10.3,0,not_responsive,NaN,0
20260326,3,259,10.34,1,untuned,NaN,0.443759933755629
20260326,3,260,10.38,0,not_responsive,NaN,0
20260326,3,261,10.42,0,not_responsive,NaN,0
20260326,3,262,10.46,1,untuned,NaN,1
20260326,3,263,10.5,1,untuned,NaN,0.0194368085110584
20260326,3,264,10.54,1,untuned,NaN,0.487029422189463
20260326,3,265,10.58,1,directional,227.255524748024,0.580463289344543
20260326,3,266,10.62,1,untuned,NaN,0
20260326,3,267,10.66,0,not_responsive,NaN,0
20260326,3,268,10.7,1,untuned,NaN,0.435015575429865
20260326,3,269,10.74,0,not_responsive,NaN,0
20260326,3,270,10.78,1,untuned,NaN,0.250253392610967
20260326,3,271,10.82,0,not_responsive,NaN,0
20260326,3,272,10.86,0,not_responsive,NaN,0
20260326,3,273,10.9,0,not_responsive,NaN,0
20260326,3,274,10.94,0,not_responsive,NaN,0
20260326,3,275,10.98,0,not_responsive,NaN,0
20260326,3,276,11.02,0,not_responsive,NaN,0
20260326,3,277,11.06,0,not_responsive,NaN,0
20260326,3,278,11.1,0,not_responsive,NaN,0
20260326,3,279,11.14,0,not_responsive,NaN,0
20260326,3,280,11.18,0,not_responsive,NaN,0
20260326,3,281,11.22,0,not_responsive,NaN,0
20260326,3,282,11.26,0,not_responsive,NaN,0
20260326,3,283,11.3,1,untuned,NaN,0.970124763928209
20260326,3,284,11.34,0,not_responsive,NaN,0
20260326,3,285,11.38,1,complex,NaN,0.538636403791438
20260326,3,286,11.42,0,not_responsive,NaN,0
20260326,3,287,11.46,1,directional,198.614925374157,0.407314308382704
20260326,3,288,11.5,0,not_responsive,NaN,0
20260326,3,289,11.54,0,not_responsive,NaN,0
20260326,3,290,11.58,0,not_responsive,NaN,0
20260326,3,291,11.62,0,not_responsive,NaN,0
20260326,3,292,11.66,0,not_responsive,NaN,0
20260326,3,293,11.7,0,not_responsive,NaN,0
20260326,3,294,11.74,1,untuned,NaN,0.430988984164111
20260326,3,295,11.78,0,not_responsive,NaN,0
20260326,3,296,11.82,1,untuned,NaN,0.257348645326454
20260326,3,297,11.86,0,not_responsive,NaN,0
20260326,3,298,11.9,0,not_responsive,NaN,0
20260326,3,299,11.94,0,not_responsive,NaN,0
20260326,3,300,11.98,0,not_responsive,NaN,0
20260326,3,301,12.02,1,untuned,NaN,0.347276451551745
20260326,3,302,12.06,0,not_responsive,NaN,0
20260326,3,303,12.1,1,untuned,NaN,0.243311002274093
20260326,3,304,12.14,0,not_responsive,NaN,0
20260326,3,305,12.18,1,untuned,NaN,0.319060580647066
20260326,3,306,12.22,0,not_responsive,NaN,0
20260326,3,307,12.26,1,untuned,NaN,0.126245259473424
20260326,3,308,12.3,0,not_responsive,NaN,0
20260326,3,309,12.34,0,not_responsive,NaN,0
20260326,3,310,12.38,0,not_responsive,NaN,0
20260326,3,311,12.42,1,untuned,NaN,0.278085019518518
20260326,3,312,12.46,0,not_responsive,NaN,0
20260326,3,313,12.5,0,not_responsive,NaN,0
20260326,3,314,12.54,0,not_responsive,NaN,0
20260326,3,315,12.58,1,untuned,NaN,0.242301928632517
20260326,3,316,12.62,1,untuned,NaN,0.116901912181245
20260326,3,317,12.66,1,untuned,NaN,0.190521067963604
20260326,3,318,12.7,1,untuned,NaN,0.354777584044124
20260326,3,319,12.74,1,untuned,NaN,0.310517317370019
20260326,3,320,12.78,1,untuned,NaN,0.246810205310753
20260326,3,321,12.82,0,not_responsive,NaN,0
20260326,3,322,12.86,0,not_responsive,NaN,0
20260326,3,323,12.9,1,untuned,NaN,0.198670977443411
20260326,3,324,12.94,1,untuned,NaN,0.342836637705
20260326,3,325,12.98,1,untuned,NaN,0.271884459099457
20260326,3,326,13.02,1,untuned,NaN,0.0448602271499975
20260326,3,327,13.06,1,untuned,NaN,0.239749379486744
20260326,3,328,13.1,1,untuned,NaN,0.241680589432652
20260326,3,329,13.14,1,untuned,NaN,0.14506523746566
20260326,3,330,13.18,1,untuned,NaN,0.149163556298879
20260326,3,331,13.22,1,untuned,NaN,0.285025902276743
20260326,3,332,13.26,0,not_responsive,NaN,0
20260326,3,333,13.3,1,untuned,NaN,0.643313952074475
20260326,3,334,13.34,1,untuned,NaN,0.0588259928139879
20260326,3,335,13.38,1,untuned,NaN,0.455441633769036
20260326,3,336,13.42,0,not_responsive,NaN,0
20260326,3,337,13.46,1,untuned,NaN,0.27256967810581
20260326,3,338,13.5,1,untuned,NaN,0.323679487935551
20260326,3,339,13.54,0,not_responsive,NaN,0
20260326,3,340,13.58,1,untuned,NaN,0.0565081179049493
20260326,3,341,13.62,1,untuned,NaN,0.191398467933719
20260326,3,342,13.66,1,untuned,NaN,0.424381657405315
20260326,3,343,13.7,1,untuned,NaN,0.079860863644372
20260326,3,344,13.74,1,untuned,NaN,0.126986312090769
20260326,3,345,13.78,1,untuned,NaN,0.150694479057485
20260326,3,346,13.82,1,untuned,NaN,0.300321731825834
20260326,3,347,13.86,1,untuned,NaN,0.0525624956894085
20260326,3,348,13.9,1,untuned,NaN,0.225211072520443
20260326,3,349,13.94,1,untuned,NaN,0.152764079834544
20260326,3,350,13.98,1,untuned,NaN,0.10393061540204
20260326,3,351,14.02,0,not_responsive,NaN,0
20260326,3,352,14.06,0,not_responsive,NaN,0
20260326,3,353,14.1,1,untuned,NaN,0.350593177848725
20260326,3,354,14.14,1,untuned,NaN,0.275549277861305
20260326,3,355,14.18,1,untuned,NaN,0.264069994341829
20260326,3,356,14.22,1,untuned,NaN,0.299966143385464
20260326,3,357,14.26,0,not_responsive,NaN,0
20260326,3,358,14.3,1,untuned,NaN,0.226765478707124
20260326,3,359,14.34,1,untuned,NaN,0.127149565678013
20260326,3,360,14.38,1,untuned,NaN,0.0962234619366206
20260326,3,361,14.42,1,untuned,NaN,0.314945396005574
20260326,3,362,14.46,1,untuned,NaN,0.370590624350971
20260326,3,363,14.5,1,untuned,NaN,0.0462582416274648
20260326,3,364,14.54,1,untuned,NaN,0.241763300320378
20260326,3,365,14.58,1,untuned,NaN,0.162932962137139
20260326,3,366,14.62,1,untuned,NaN,0.122172222591246
20260326,3,367,14.66,1,untuned,NaN,0.267507618961647
20260326,3,368,14.7,1,untuned,NaN,0.0239495481294208
20260326,3,369,14.74,1,untuned,NaN,0.0303777025083822
20260326,3,370,14.78,1,untuned,NaN,0.309923582722713
20260326,3,371,14.82,1,untuned,NaN,0.233985674179001
20260326,3,372,14.86,1,untuned,NaN,0.113958947932041
20260326,3,373,14.9,0,not_responsive,NaN,0
20260326,3,374,14.94,1,directional,222.473112234676,0.513705555942976
20260326,3,375,14.98,1,untuned,NaN,0.133496730220804
20260326,3,376,15.02,1,untuned,NaN,0.250385930476002
20260326,3,377,15.06,0,not_responsive,NaN,0
20260326,3,378,15.1,1,untuned,NaN,0.157999644799228
20260326,3,379,15.14,1,untuned,NaN,0.180962343453436
20260326,3,380,15.18,1,untuned,NaN,0.377774902994238
20260326,3,381,15.22,0,not_responsive,NaN,0
20260326,3,382,15.26,0,not_responsive,NaN,0
20260326,3,383,15.3,0,not_responsive,NaN,0
20260326,3,384,15.34,0,not_responsive,NaN,0
